created_at,id,retweeted_status.created_at,retweeted_status.id,retweeted_status.retweet_count,retweeted_status.user.followers_count,retweeted_status.user.friends_count,retweeted_status.user.id,retweeted_status.user.screen_name,text,user.followers_count,user.friends_count,user.id,user.screen_name
Tue Nov 08 16:24:35 +0000 2016,796025636917833728,Tue Nov 08 14:53:13 +0000 2016,796002642174545922,865,127561,100841,2887465954,Bikers4Trump,"RT @Bikers4Trump: It's #ElectionDay who gets your Vote?
Vote &amp; #RETWEET &amp; Visit https://t.co/cGkVjfkqQR

#PodestaEmails35 are up!
@CNN @Chr…",8577,9303,20084570,tweetybird2009
Tue Nov 08 16:26:25 +0000 2016,796026098438074373,Tue Nov 08 14:53:13 +0000 2016,796002642174545922,871,127561,100841,2887465954,Bikers4Trump,"RT @Bikers4Trump: It's #ElectionDay who gets your Vote?
Vote &amp; #RETWEET &amp; Visit https://t.co/cGkVjfkqQR

#PodestaEmails35 are up!
@CNN @Chr…",46,58,29241560,Livefree4all
Tue Nov 08 16:27:10 +0000 2016,796026283419308032,Tue Nov 08 14:53:13 +0000 2016,796002642174545922,876,127557,100837,2887465954,Bikers4Trump,"RT @Bikers4Trump: It's #ElectionDay who gets your Vote?
Vote &amp; #RETWEET &amp; Visit https://t.co/cGkVjfkqQR

#PodestaEmails35 are up!
@CNN @Chr…",5,20,781418952262049792,Vipleous1
Tue Nov 08 16:27:19 +0000 2016,796026321457516544,Tue Nov 08 14:53:13 +0000 2016,796002642174545922,879,127562,100843,2887465954,Bikers4Trump,"RT @Bikers4Trump: It's #ElectionDay who gets your Vote?
Vote &amp; #RETWEET &amp; Visit https://t.co/cGkVjfkqQR

#PodestaEmails35 are up!
@CNN @Chr…",1943,1081,4855849985,desimartin123
Tue Nov 08 16:27:39 +0000 2016,796026405146492928,Tue Nov 08 14:53:13 +0000 2016,796002642174545922,880,127562,100843,2887465954,Bikers4Trump,"RT @Bikers4Trump: It's #ElectionDay who gets your Vote?
Vote &amp; #RETWEET &amp; Visit https://t.co/cGkVjfkqQR

#PodestaEmails35 are up!
@CNN @Chr…",963,993,705462668073762817,JOEMAMA526
Tue Nov 08 16:28:24 +0000 2016,796026596327100417,Tue Nov 08 14:53:13 +0000 2016,796002642174545922,883,127562,100843,2887465954,Bikers4Trump,"RT @Bikers4Trump: It's #ElectionDay who gets your Vote?
Vote &amp; #RETWEET &amp; Visit https://t.co/cGkVjfkqQR

#PodestaEmails35 are up!
@CNN @Chr…",38,96,3982247692,DavidSirmuffin1
Tue Nov 08 16:28:38 +0000 2016,796026655345086464,Tue Nov 08 14:53:13 +0000 2016,796002642174545922,885,127562,100843,2887465954,Bikers4Trump,"RT @Bikers4Trump: It's #ElectionDay who gets your Vote?
Vote &amp; #RETWEET &amp; Visit https://t.co/cGkVjfkqQR

#PodestaEmails35 are up!
@CNN @Chr…",82,135,762461613236510730,Mad_dog4458
Tue Nov 08 16:29:01 +0000 2016,796026749372899328,Tue Nov 08 14:53:13 +0000 2016,796002642174545922,888,127558,100839,2887465954,Bikers4Trump,"RT @Bikers4Trump: It's #ElectionDay who gets your Vote?
Vote &amp; #RETWEET &amp; Visit https://t.co/cGkVjfkqQR

#PodestaEmails35 are up!
@CNN @Chr…",439,157,2691309440,MsNanae5
Tue Nov 08 16:29:10 +0000 2016,796026789999022084,Tue Nov 08 14:53:13 +0000 2016,796002642174545922,889,127562,100845,2887465954,Bikers4Trump,"RT @Bikers4Trump: It's #ElectionDay who gets your Vote?
Vote &amp; #RETWEET &amp; Visit https://t.co/cGkVjfkqQR

#PodestaEmails35 are up!
@CNN @Chr…",5658,6168,23197119,Incorrigible2
Tue Nov 08 16:29:36 +0000 2016,796026895544516611,Tue Nov 08 14:53:13 +0000 2016,796002642174545922,891,127563,100847,2887465954,Bikers4Trump,"RT @Bikers4Trump: It's #ElectionDay who gets your Vote?
Vote &amp; #RETWEET &amp; Visit https://t.co/cGkVjfkqQR

#PodestaEmails35 are up!
@CNN @Chr…",731,1043,15315465,BlossomVinson
Tue Nov 08 16:29:58 +0000 2016,796026990612676608,Tue Nov 08 14:53:13 +0000 2016,796002642174545922,893,127563,100847,2887465954,Bikers4Trump,"RT @Bikers4Trump: It's #ElectionDay who gets your Vote?
Vote &amp; #RETWEET &amp; Visit https://t.co/cGkVjfkqQR

#PodestaEmails35 are up!
@CNN @Chr…",165,650,3885814212,claryfz450
Tue Nov 08 16:30:04 +0000 2016,796027015602327553,Tue Nov 08 14:53:13 +0000 2016,796002642174545922,894,127563,100847,2887465954,Bikers4Trump,"RT @Bikers4Trump: It's #ElectionDay who gets your Vote?
Vote &amp; #RETWEET &amp; Visit https://t.co/cGkVjfkqQR

#PodestaEmails35 are up!
@CNN @Chr…",95,225,707560826786455553,VenusCoogler
Tue Nov 08 16:31:04 +0000 2016,796027265050169344,Tue Nov 08 14:53:13 +0000 2016,796002642174545922,896,127565,100849,2887465954,Bikers4Trump,"RT @Bikers4Trump: It's #ElectionDay who gets your Vote?
Vote &amp; #RETWEET &amp; Visit https://t.co/cGkVjfkqQR

#PodestaEmails35 are up!
@CNN @Chr…",2487,4960,956076756,Raystherealtor
Tue Nov 08 16:32:29 +0000 2016,796027623927386112,Tue Nov 08 14:53:13 +0000 2016,796002642174545922,898,127566,100849,2887465954,Bikers4Trump,"RT @Bikers4Trump: It's #ElectionDay who gets your Vote?
Vote &amp; #RETWEET &amp; Visit https://t.co/cGkVjfkqQR

#PodestaEmails35 are up!
@CNN @Chr…",142,113,774718101623627776,madjorgen
Tue Nov 08 16:32:31 +0000 2016,796027633041633280,Tue Nov 08 14:53:13 +0000 2016,796002642174545922,899,127566,100849,2887465954,Bikers4Trump,"RT @Bikers4Trump: It's #ElectionDay who gets your Vote?
Vote &amp; #RETWEET &amp; Visit https://t.co/cGkVjfkqQR

#PodestaEmails35 are up!
@CNN @Chr…",665,671,272250791,robynmastandrea
Tue Nov 08 16:33:00 +0000 2016,796027753946562560,Tue Nov 08 14:53:13 +0000 2016,796002642174545922,901,127566,100852,2887465954,Bikers4Trump,"RT @Bikers4Trump: It's #ElectionDay who gets your Vote?
Vote &amp; #RETWEET &amp; Visit https://t.co/cGkVjfkqQR

#PodestaEmails35 are up!
@CNN @Chr…",3403,3357,741933090390577152,david_decarlis
Tue Nov 08 16:34:01 +0000 2016,796028009383940101,Tue Nov 08 14:53:13 +0000 2016,796002642174545922,907,127566,100856,2887465954,Bikers4Trump,"RT @Bikers4Trump: It's #ElectionDay who gets your Vote?
Vote &amp; #RETWEET &amp; Visit https://t.co/cGkVjfkqQR

#PodestaEmails35 are up!
@CNN @Chr…",2174,3325,748628973089746944,HCoffee4me
Tue Nov 08 16:34:01 +0000 2016,796028010239524864,Tue Nov 08 14:53:13 +0000 2016,796002642174545922,908,127566,100856,2887465954,Bikers4Trump,"RT @Bikers4Trump: It's #ElectionDay who gets your Vote?
Vote &amp; #RETWEET &amp; Visit https://t.co/cGkVjfkqQR

#PodestaEmails35 are up!
@CNN @Chr…",540,712,543817073,dmac642014
Tue Nov 08 16:34:50 +0000 2016,796028215437324289,Tue Nov 08 14:53:13 +0000 2016,796002642174545922,913,127562,100855,2887465954,Bikers4Trump,"RT @Bikers4Trump: It's #ElectionDay who gets your Vote?
Vote &amp; #RETWEET &amp; Visit https://t.co/cGkVjfkqQR

#PodestaEmails35 are up!
@CNN @Chr…",372,322,13960902,CherishedSolace
Tue Nov 08 16:35:45 +0000 2016,796028443326631936,Tue Nov 08 14:53:13 +0000 2016,796002642174545922,916,127566,100861,2887465954,Bikers4Trump,"RT @Bikers4Trump: It's #ElectionDay who gets your Vote?
Vote &amp; #RETWEET &amp; Visit https://t.co/cGkVjfkqQR

#PodestaEmails35 are up!
@CNN @Chr…",2901,4699,1349644754,chrissieward71
Tue Nov 08 16:36:47 +0000 2016,796028706007433216,Tue Nov 08 14:53:13 +0000 2016,796002642174545922,918,127567,100861,2887465954,Bikers4Trump,"RT @Bikers4Trump: It's #ElectionDay who gets your Vote?
Vote &amp; #RETWEET &amp; Visit https://t.co/cGkVjfkqQR

#PodestaEmails35 are up!
@CNN @Chr…",282,439,584184961,grazlukaz
Tue Nov 08 16:36:48 +0000 2016,796028710990155776,Tue Nov 08 14:53:13 +0000 2016,796002642174545922,919,127563,100855,2887465954,Bikers4Trump,"RT @Bikers4Trump: It's #ElectionDay who gets your Vote?
Vote &amp; #RETWEET &amp; Visit https://t.co/cGkVjfkqQR

#PodestaEmails35 are up!
@CNN @Chr…",388,235,741141699561435136,808gardeniaG
Tue Nov 08 16:36:59 +0000 2016,796028757563817984,Tue Nov 08 14:53:13 +0000 2016,796002642174545922,920,127568,100861,2887465954,Bikers4Trump,"RT @Bikers4Trump: It's #ElectionDay who gets your Vote?
Vote &amp; #RETWEET &amp; Visit https://t.co/cGkVjfkqQR

#PodestaEmails35 are up!
@CNN @Chr…",588,659,472974363,Aim22High
Tue Nov 08 16:39:23 +0000 2016,796029360553627648,Tue Nov 08 14:53:13 +0000 2016,796002642174545922,922,127570,100855,2887465954,Bikers4Trump,"RT @Bikers4Trump: It's #ElectionDay who gets your Vote?
Vote &amp; #RETWEET &amp; Visit https://t.co/cGkVjfkqQR

#PodestaEmails35 are up!
@CNN @Chr…",154,652,1099845950,jim_wseajim
Tue Nov 08 16:41:04 +0000 2016,796029784086167553,Tue Nov 08 14:53:13 +0000 2016,796002642174545922,926,127578,100861,2887465954,Bikers4Trump,"RT @Bikers4Trump: It's #ElectionDay who gets your Vote?
Vote &amp; #RETWEET &amp; Visit https://t.co/cGkVjfkqQR

#PodestaEmails35 are up!
@CNN @Chr…",3820,1291,3905905514,BLUIZK81
Tue Nov 08 16:42:17 +0000 2016,796030091146960900,Tue Nov 08 14:53:13 +0000 2016,796002642174545922,929,127580,100861,2887465954,Bikers4Trump,"RT @Bikers4Trump: It's #ElectionDay who gets your Vote?
Vote &amp; #RETWEET &amp; Visit https://t.co/cGkVjfkqQR

#PodestaEmails35 are up!
@CNN @Chr…",588,988,35878835,Val72034
Tue Nov 08 16:42:31 +0000 2016,796030148999004161,Tue Nov 08 14:53:13 +0000 2016,796002642174545922,930,127581,100861,2887465954,Bikers4Trump,"RT @Bikers4Trump: It's #ElectionDay who gets your Vote?
Vote &amp; #RETWEET &amp; Visit https://t.co/cGkVjfkqQR

#PodestaEmails35 are up!
@CNN @Chr…",5,116,4715438357,LyleVernon
Tue Nov 08 16:43:11 +0000 2016,796030316901187585,Tue Nov 08 14:53:13 +0000 2016,796002642174545922,936,127581,100861,2887465954,Bikers4Trump,"RT @Bikers4Trump: It's #ElectionDay who gets your Vote?
Vote &amp; #RETWEET &amp; Visit https://t.co/cGkVjfkqQR

#PodestaEmails35 are up!
@CNN @Chr…",462,155,52874873,seeraphina
Tue Nov 08 16:43:44 +0000 2016,796030455585841152,Tue Nov 08 14:53:13 +0000 2016,796002642174545922,938,127581,100861,2887465954,Bikers4Trump,"RT @Bikers4Trump: It's #ElectionDay who gets your Vote?
Vote &amp; #RETWEET &amp; Visit https://t.co/cGkVjfkqQR

#PodestaEmails35 are up!
@CNN @Chr…",6056,5633,573692319,USAFMEDIC21
Tue Nov 08 16:45:23 +0000 2016,796030870939463681,Tue Nov 08 14:53:13 +0000 2016,796002642174545922,949,127582,100861,2887465954,Bikers4Trump,"RT @Bikers4Trump: It's #ElectionDay who gets your Vote?
Vote &amp; #RETWEET &amp; Visit https://t.co/cGkVjfkqQR

#PodestaEmails35 are up!
@CNN @Chr…",363,287,3421327821,TommyByrnes1
Tue Nov 08 16:45:23 +0000 2016,796030870628999168,Tue Nov 08 14:53:13 +0000 2016,796002642174545922,949,127582,100861,2887465954,Bikers4Trump,"RT @Bikers4Trump: It's #ElectionDay who gets your Vote?
Vote &amp; #RETWEET &amp; Visit https://t.co/cGkVjfkqQR

#PodestaEmails35 are up!
@CNN @Chr…",37,126,784583306528579589,PatriotHuth
Tue Nov 08 16:45:25 +0000 2016,796030876291186688,Tue Nov 08 14:53:13 +0000 2016,796002642174545922,951,127578,100855,2887465954,Bikers4Trump,"RT @Bikers4Trump: It's #ElectionDay who gets your Vote?
Vote &amp; #RETWEET &amp; Visit https://t.co/cGkVjfkqQR

#PodestaEmails35 are up!
@CNN @Chr…",500,888,704413867917447168,DRE13WLA
Tue Nov 08 16:46:03 +0000 2016,796031038208155648,Tue Nov 08 14:53:13 +0000 2016,796002642174545922,955,127579,100855,2887465954,Bikers4Trump,"RT @Bikers4Trump: It's #ElectionDay who gets your Vote?
Vote &amp; #RETWEET &amp; Visit https://t.co/cGkVjfkqQR

#PodestaEmails35 are up!
@CNN @Chr…",71,56,704539550593323008,mbinello702
Tue Nov 08 16:46:45 +0000 2016,796031214301888512,Tue Nov 08 14:53:13 +0000 2016,796002642174545922,956,127586,100861,2887465954,Bikers4Trump,"RT @Bikers4Trump: It's #ElectionDay who gets your Vote?
Vote &amp; #RETWEET &amp; Visit https://t.co/cGkVjfkqQR

#PodestaEmails35 are up!
@CNN @Chr…",424,611,56321765,followmegee
Tue Nov 08 16:46:46 +0000 2016,796031217783238656,Tue Nov 08 14:53:13 +0000 2016,796002642174545922,957,127586,100861,2887465954,Bikers4Trump,"RT @Bikers4Trump: It's #ElectionDay who gets your Vote?
Vote &amp; #RETWEET &amp; Visit https://t.co/cGkVjfkqQR

#PodestaEmails35 are up!
@CNN @Chr…",392,269,4851927604,StanleyCarla
Tue Nov 08 16:47:19 +0000 2016,796031357524856832,Tue Nov 08 14:53:13 +0000 2016,796002642174545922,958,127586,100861,2887465954,Bikers4Trump,"RT @Bikers4Trump: It's #ElectionDay who gets your Vote?
Vote &amp; #RETWEET &amp; Visit https://t.co/cGkVjfkqQR

#PodestaEmails35 are up!
@CNN @Chr…",125,155,4275473957,joedime89
Tue Nov 08 16:47:46 +0000 2016,796031470510997504,Tue Nov 08 14:53:13 +0000 2016,796002642174545922,960,127586,100861,2887465954,Bikers4Trump,"RT @Bikers4Trump: It's #ElectionDay who gets your Vote?
Vote &amp; #RETWEET &amp; Visit https://t.co/cGkVjfkqQR

#PodestaEmails35 are up!
@CNN @Chr…",183,305,791289921457692672,ChicaMerica2016
Tue Nov 08 16:47:58 +0000 2016,796031521626828800,Tue Nov 08 14:53:13 +0000 2016,796002642174545922,961,127582,100855,2887465954,Bikers4Trump,"RT @Bikers4Trump: It's #ElectionDay who gets your Vote?
Vote &amp; #RETWEET &amp; Visit https://t.co/cGkVjfkqQR

#PodestaEmails35 are up!
@CNN @Chr…",279,276,14609417,azsoccermama
Tue Nov 08 16:49:00 +0000 2016,796031780801351680,Tue Nov 08 14:53:13 +0000 2016,796002642174545922,965,127587,100861,2887465954,Bikers4Trump,"RT @Bikers4Trump: It's #ElectionDay who gets your Vote?
Vote &amp; #RETWEET &amp; Visit https://t.co/cGkVjfkqQR

#PodestaEmails35 are up!
@CNN @Chr…",1869,2144,1734921174,axlejazzo
Tue Nov 08 16:49:17 +0000 2016,796031848996540417,Tue Nov 08 14:53:13 +0000 2016,796002642174545922,966,127588,100861,2887465954,Bikers4Trump,"RT @Bikers4Trump: It's #ElectionDay who gets your Vote?
Vote &amp; #RETWEET &amp; Visit https://t.co/cGkVjfkqQR

#PodestaEmails35 are up!
@CNN @Chr…",741,871,2751990444,stivbator1
Tue Nov 08 16:50:04 +0000 2016,796032049085870080,Tue Nov 08 14:53:13 +0000 2016,796002642174545922,968,127588,100861,2887465954,Bikers4Trump,"RT @Bikers4Trump: It's #ElectionDay who gets your Vote?
Vote &amp; #RETWEET &amp; Visit https://t.co/cGkVjfkqQR

#PodestaEmails35 are up!
@CNN @Chr…",196,17,758879952729018368,DJDJDJ888
Tue Nov 08 16:50:09 +0000 2016,796032070485209089,Tue Nov 08 14:53:13 +0000 2016,796002642174545922,970,127589,100861,2887465954,Bikers4Trump,"RT @Bikers4Trump: It's #ElectionDay who gets your Vote?
Vote &amp; #RETWEET &amp; Visit https://t.co/cGkVjfkqQR

#PodestaEmails35 are up!
@CNN @Chr…",1562,1785,61201718,tomdarnold1
Tue Nov 08 16:50:40 +0000 2016,796032199841763328,Tue Nov 08 14:53:13 +0000 2016,796002642174545922,971,127589,100861,2887465954,Bikers4Trump,"RT @Bikers4Trump: It's #ElectionDay who gets your Vote?
Vote &amp; #RETWEET &amp; Visit https://t.co/cGkVjfkqQR

#PodestaEmails35 are up!
@CNN @Chr…",1242,1488,2782638680,less_bullspit
Tue Nov 08 16:50:44 +0000 2016,796032216870559748,Tue Nov 08 14:53:13 +0000 2016,796002642174545922,972,127589,100861,2887465954,Bikers4Trump,"RT @Bikers4Trump: It's #ElectionDay who gets your Vote?
Vote &amp; #RETWEET &amp; Visit https://t.co/cGkVjfkqQR

#PodestaEmails35 are up!
@CNN @Chr…",130,147,2898443954,Sherry_SBB
Tue Nov 08 16:52:07 +0000 2016,796032565144600576,Tue Nov 08 14:53:13 +0000 2016,796002642174545922,975,127589,100861,2887465954,Bikers4Trump,"RT @Bikers4Trump: It's #ElectionDay who gets your Vote?
Vote &amp; #RETWEET &amp; Visit https://t.co/cGkVjfkqQR

#PodestaEmails35 are up!
@CNN @Chr…",220,302,3273399217,ulysses_zamora
Tue Nov 08 16:52:58 +0000 2016,796032779205152768,Tue Nov 08 14:53:13 +0000 2016,796002642174545922,979,127589,100862,2887465954,Bikers4Trump,"RT @Bikers4Trump: It's #ElectionDay who gets your Vote?
Vote &amp; #RETWEET &amp; Visit https://t.co/cGkVjfkqQR

#PodestaEmails35 are up!
@CNN @Chr…",1615,1382,19010788,cmm14
Tue Nov 08 16:53:53 +0000 2016,796033007203151872,Tue Nov 08 14:53:13 +0000 2016,796002642174545922,981,127585,100856,2887465954,Bikers4Trump,"RT @Bikers4Trump: It's #ElectionDay who gets your Vote?
Vote &amp; #RETWEET &amp; Visit https://t.co/cGkVjfkqQR

#PodestaEmails35 are up!
@CNN @Chr…",202,159,855800154,andrewmpro
Tue Nov 08 16:54:05 +0000 2016,796033059850100736,Tue Nov 08 14:53:13 +0000 2016,796002642174545922,983,127586,100856,2887465954,Bikers4Trump,"RT @Bikers4Trump: It's #ElectionDay who gets your Vote?
Vote &amp; #RETWEET &amp; Visit https://t.co/cGkVjfkqQR

#PodestaEmails35 are up!
@CNN @Chr…",4458,4072,2510192123,Aldousi_Ali
Tue Nov 08 16:54:22 +0000 2016,796033132206166016,Tue Nov 08 14:53:13 +0000 2016,796002642174545922,984,127590,100862,2887465954,Bikers4Trump,"RT @Bikers4Trump: It's #ElectionDay who gets your Vote?
Vote &amp; #RETWEET &amp; Visit https://t.co/cGkVjfkqQR

#PodestaEmails35 are up!
@CNN @Chr…",2728,2882,224700804,LoneStar_Dad
Tue Nov 08 16:54:39 +0000 2016,796033202699862016,Tue Nov 08 14:53:13 +0000 2016,796002642174545922,986,127590,100862,2887465954,Bikers4Trump,"RT @Bikers4Trump: It's #ElectionDay who gets your Vote?
Vote &amp; #RETWEET &amp; Visit https://t.co/cGkVjfkqQR

#PodestaEmails35 are up!
@CNN @Chr…",9265,7887,108335935,downbyseashore
Tue Nov 08 16:55:32 +0000 2016,796033422074511361,Tue Nov 08 14:53:13 +0000 2016,796002642174545922,990,127590,100863,2887465954,Bikers4Trump,"RT @Bikers4Trump: It's #ElectionDay who gets your Vote?
Vote &amp; #RETWEET &amp; Visit https://t.co/cGkVjfkqQR

#PodestaEmails35 are up!
@CNN @Chr…",739,306,581379553,tooli65
Tue Nov 08 16:56:55 +0000 2016,796033773536219137,Tue Nov 08 14:53:13 +0000 2016,796002642174545922,992,127589,100868,2887465954,Bikers4Trump,"RT @Bikers4Trump: It's #ElectionDay who gets your Vote?
Vote &amp; #RETWEET &amp; Visit https://t.co/cGkVjfkqQR

#PodestaEmails35 are up!
@CNN @Chr…",2930,3857,291650241,alanlieb
Tue Nov 08 16:56:56 +0000 2016,796033776983871488,Tue Nov 08 14:53:13 +0000 2016,796002642174545922,993,127589,100868,2887465954,Bikers4Trump,"RT @Bikers4Trump: It's #ElectionDay who gets your Vote?
Vote &amp; #RETWEET &amp; Visit https://t.co/cGkVjfkqQR

#PodestaEmails35 are up!
@CNN @Chr…",3133,2728,145856687,APOYODECHILE
Tue Nov 08 16:57:04 +0000 2016,796033811213533185,Tue Nov 08 14:53:13 +0000 2016,796002642174545922,994,127585,100863,2887465954,Bikers4Trump,"RT @Bikers4Trump: It's #ElectionDay who gets your Vote?
Vote &amp; #RETWEET &amp; Visit https://t.co/cGkVjfkqQR

#PodestaEmails35 are up!
@CNN @Chr…",4188,4448,20932284,putrlvr
Tue Nov 08 16:57:42 +0000 2016,796033970550882304,Tue Nov 08 14:53:13 +0000 2016,796002642174545922,996,127585,100864,2887465954,Bikers4Trump,"RT @Bikers4Trump: It's #ElectionDay who gets your Vote?
Vote &amp; #RETWEET &amp; Visit https://t.co/cGkVjfkqQR

#PodestaEmails35 are up!
@CNN @Chr…",392,486,2153238858,ckazjason
Tue Nov 08 16:58:11 +0000 2016,796034088733970432,Tue Nov 08 14:53:13 +0000 2016,796002642174545922,998,127589,100870,2887465954,Bikers4Trump,"RT @Bikers4Trump: It's #ElectionDay who gets your Vote?
Vote &amp; #RETWEET &amp; Visit https://t.co/cGkVjfkqQR

#PodestaEmails35 are up!
@CNN @Chr…",702,1358,780626138032771072,LotsofBalloons
Tue Nov 08 17:00:13 +0000 2016,796034604159430656,Tue Nov 08 14:53:13 +0000 2016,796002642174545922,1002,127592,100870,2887465954,Bikers4Trump,"RT @Bikers4Trump: It's #ElectionDay who gets your Vote?
Vote &amp; #RETWEET &amp; Visit https://t.co/cGkVjfkqQR

#PodestaEmails35 are up!
@CNN @Chr…",152,188,780579174427668481,lonesomewarthog
Tue Nov 08 17:01:53 +0000 2016,796035023069659137,Tue Nov 08 14:53:13 +0000 2016,796002642174545922,1005,127593,100870,2887465954,Bikers4Trump,"RT @Bikers4Trump: It's #ElectionDay who gets your Vote?
Vote &amp; #RETWEET &amp; Visit https://t.co/cGkVjfkqQR

#PodestaEmails35 are up!
@CNN @Chr…",1244,1207,719198026909290496,MoMeetsAisha
Tue Nov 08 17:03:17 +0000 2016,796035372333473793,Tue Nov 08 14:53:13 +0000 2016,796002642174545922,1007,127590,100864,2887465954,Bikers4Trump,"RT @Bikers4Trump: It's #ElectionDay who gets your Vote?
Vote &amp; #RETWEET &amp; Visit https://t.co/cGkVjfkqQR

#PodestaEmails35 are up!
@CNN @Chr…",28,86,755580528376487936,fuzzysimpleton7
Tue Nov 08 17:03:33 +0000 2016,796035439303987200,Tue Nov 08 14:53:13 +0000 2016,796002642174545922,1008,127594,100870,2887465954,Bikers4Trump,"RT @Bikers4Trump: It's #ElectionDay who gets your Vote?
Vote &amp; #RETWEET &amp; Visit https://t.co/cGkVjfkqQR

#PodestaEmails35 are up!
@CNN @Chr…",146,71,232399133,allditchdigger
Tue Nov 08 17:05:15 +0000 2016,796035869887107072,Tue Nov 08 14:53:13 +0000 2016,796002642174545922,1010,127594,100870,2887465954,Bikers4Trump,"RT @Bikers4Trump: It's #ElectionDay who gets your Vote?
Vote &amp; #RETWEET &amp; Visit https://t.co/cGkVjfkqQR

#PodestaEmails35 are up!
@CNN @Chr…",609,1010,77618639,Theresac2011
Tue Nov 08 17:05:39 +0000 2016,796035971200483329,Tue Nov 08 14:53:13 +0000 2016,796002642174545922,1011,127594,100870,2887465954,Bikers4Trump,"RT @Bikers4Trump: It's #ElectionDay who gets your Vote?
Vote &amp; #RETWEET &amp; Visit https://t.co/cGkVjfkqQR

#PodestaEmails35 are up!
@CNN @Chr…",770,1133,2765306477,cindy_csomer37
Tue Nov 08 17:05:54 +0000 2016,796036030898044928,Tue Nov 08 14:53:13 +0000 2016,796002642174545922,1012,127594,100870,2887465954,Bikers4Trump,"RT @Bikers4Trump: It's #ElectionDay who gets your Vote?
Vote &amp; #RETWEET &amp; Visit https://t.co/cGkVjfkqQR

#PodestaEmails35 are up!
@CNN @Chr…",170,1078,37960280,westld
Tue Nov 08 17:06:01 +0000 2016,796036060958560257,Tue Nov 08 14:53:13 +0000 2016,796002642174545922,1014,127594,100870,2887465954,Bikers4Trump,"RT @Bikers4Trump: It's #ElectionDay who gets your Vote?
Vote &amp; #RETWEET &amp; Visit https://t.co/cGkVjfkqQR

#PodestaEmails35 are up!
@CNN @Chr…",9070,8984,316102811,RickyRayinGA
Tue Nov 08 17:07:29 +0000 2016,796036432204824580,Tue Nov 08 14:53:13 +0000 2016,796002642174545922,1018,127595,100870,2887465954,Bikers4Trump,"RT @Bikers4Trump: It's #ElectionDay who gets your Vote?
Vote &amp; #RETWEET &amp; Visit https://t.co/cGkVjfkqQR

#PodestaEmails35 are up!
@CNN @Chr…",315,320,756563692897046528,birdiebelly1
Tue Nov 08 17:08:21 +0000 2016,796036650966974464,Tue Nov 08 14:53:13 +0000 2016,796002642174545922,1019,127591,100864,2887465954,Bikers4Trump,"RT @Bikers4Trump: It's #ElectionDay who gets your Vote?
Vote &amp; #RETWEET &amp; Visit https://t.co/cGkVjfkqQR

#PodestaEmails35 are up!
@CNN @Chr…",131,65,726904144133394433,ScottFMcFarland
Tue Nov 08 17:10:23 +0000 2016,796037162387075072,Tue Nov 08 14:53:13 +0000 2016,796002642174545922,1022,127596,100870,2887465954,Bikers4Trump,"RT @Bikers4Trump: It's #ElectionDay who gets your Vote?
Vote &amp; #RETWEET &amp; Visit https://t.co/cGkVjfkqQR

#PodestaEmails35 are up!
@CNN @Chr…",459,867,786413037766873088,realNiggaTrump
Tue Nov 08 17:11:43 +0000 2016,796037497318936576,Tue Nov 08 14:53:13 +0000 2016,796002642174545922,1024,127596,100870,2887465954,Bikers4Trump,"RT @Bikers4Trump: It's #ElectionDay who gets your Vote?
Vote &amp; #RETWEET &amp; Visit https://t.co/cGkVjfkqQR

#PodestaEmails35 are up!
@CNN @Chr…",140,214,778388553109614592,JenniferHocrath
Tue Nov 08 17:12:01 +0000 2016,796037573076512768,Tue Nov 08 14:53:13 +0000 2016,796002642174545922,1025,127596,100870,2887465954,Bikers4Trump,"RT @Bikers4Trump: It's #ElectionDay who gets your Vote?
Vote &amp; #RETWEET &amp; Visit https://t.co/cGkVjfkqQR

#PodestaEmails35 are up!
@CNN @Chr…",129,300,2623257483,797e48365a8e4f7
Tue Nov 08 17:13:07 +0000 2016,796037846880530432,Tue Nov 08 14:53:13 +0000 2016,796002642174545922,1027,127594,100864,2887465954,Bikers4Trump,"RT @Bikers4Trump: It's #ElectionDay who gets your Vote?
Vote &amp; #RETWEET &amp; Visit https://t.co/cGkVjfkqQR

#PodestaEmails35 are up!
@CNN @Chr…",782,787,49181951,FriendofAm
Tue Nov 08 17:16:37 +0000 2016,796038731555803136,Tue Nov 08 14:53:13 +0000 2016,796002642174545922,1035,127601,100870,2887465954,Bikers4Trump,"RT @Bikers4Trump: It's #ElectionDay who gets your Vote?
Vote &amp; #RETWEET &amp; Visit https://t.co/cGkVjfkqQR

#PodestaEmails35 are up!
@CNN @Chr…",1366,2063,3041648696,reimagination1
Tue Nov 08 17:16:43 +0000 2016,796038756813787136,Tue Nov 08 14:53:13 +0000 2016,796002642174545922,1036,127597,100864,2887465954,Bikers4Trump,"RT @Bikers4Trump: It's #ElectionDay who gets your Vote?
Vote &amp; #RETWEET &amp; Visit https://t.co/cGkVjfkqQR

#PodestaEmails35 are up!
@CNN @Chr…",59,257,1428894372,fbpanamogan
Tue Nov 08 17:16:51 +0000 2016,796038789873463297,Tue Nov 08 14:53:13 +0000 2016,796002642174545922,1037,127601,100870,2887465954,Bikers4Trump,"RT @Bikers4Trump: It's #ElectionDay who gets your Vote?
Vote &amp; #RETWEET &amp; Visit https://t.co/cGkVjfkqQR

#PodestaEmails35 are up!
@CNN @Chr…",1119,2319,50043356,snbrob3203
Tue Nov 08 17:17:14 +0000 2016,796038886178848768,Tue Nov 08 14:53:13 +0000 2016,796002642174545922,1038,127601,100870,2887465954,Bikers4Trump,"RT @Bikers4Trump: It's #ElectionDay who gets your Vote?
Vote &amp; #RETWEET &amp; Visit https://t.co/cGkVjfkqQR

#PodestaEmails35 are up!
@CNN @Chr…",199,125,763165991434059776,TransRights4All
Tue Nov 08 17:18:27 +0000 2016,796039189099900928,Tue Nov 08 14:53:13 +0000 2016,796002642174545922,1040,127601,100875,2887465954,Bikers4Trump,"RT @Bikers4Trump: It's #ElectionDay who gets your Vote?
Vote &amp; #RETWEET &amp; Visit https://t.co/cGkVjfkqQR

#PodestaEmails35 are up!
@CNN @Chr…",17407,18959,444994317,SandyHermannJ
Tue Nov 08 17:19:49 +0000 2016,796039533364056064,Tue Nov 08 14:53:13 +0000 2016,796002642174545922,1044,127597,100870,2887465954,Bikers4Trump,"RT @Bikers4Trump: It's #ElectionDay who gets your Vote?
Vote &amp; #RETWEET &amp; Visit https://t.co/cGkVjfkqQR

#PodestaEmails35 are up!
@CNN @Chr…",42,72,797553516,BOtt20
Tue Nov 08 17:21:47 +0000 2016,796040029000765440,Tue Nov 08 14:53:13 +0000 2016,796002642174545922,1048,127599,100870,2887465954,Bikers4Trump,"RT @Bikers4Trump: It's #ElectionDay who gets your Vote?
Vote &amp; #RETWEET &amp; Visit https://t.co/cGkVjfkqQR

#PodestaEmails35 are up!
@CNN @Chr…",7564,8100,595250319,CalmNcanny
Tue Nov 08 17:25:04 +0000 2016,796040858038472704,Tue Nov 08 14:53:13 +0000 2016,796002642174545922,1052,127605,100870,2887465954,Bikers4Trump,"RT @Bikers4Trump: It's #ElectionDay who gets your Vote?
Vote &amp; #RETWEET &amp; Visit https://t.co/cGkVjfkqQR

#PodestaEmails35 are up!
@CNN @Chr…",256,254,717134635075903489,TwitlerYouth
Tue Nov 08 17:25:34 +0000 2016,796040983821611010,Tue Nov 08 14:53:13 +0000 2016,796002642174545922,1055,127610,100876,2887465954,Bikers4Trump,"RT @Bikers4Trump: It's #ElectionDay who gets your Vote?
Vote &amp; #RETWEET &amp; Visit https://t.co/cGkVjfkqQR

#PodestaEmails35 are up!
@CNN @Chr…",131,72,23838790,Biastai
Tue Nov 08 17:30:03 +0000 2016,796042111288307712,Tue Nov 08 14:53:13 +0000 2016,796002642174545922,1061,127612,100876,2887465954,Bikers4Trump,"RT @Bikers4Trump: It's #ElectionDay who gets your Vote?
Vote &amp; #RETWEET &amp; Visit https://t.co/cGkVjfkqQR

#PodestaEmails35 are up!
@CNN @Chr…",238,55,2451843236,BaylorFan4Ever
Tue Nov 08 17:32:44 +0000 2016,796042786835431428,Tue Nov 08 14:53:13 +0000 2016,796002642174545922,1066,127614,100876,2887465954,Bikers4Trump,"RT @Bikers4Trump: It's #ElectionDay who gets your Vote?
Vote &amp; #RETWEET &amp; Visit https://t.co/cGkVjfkqQR

#PodestaEmails35 are up!
@CNN @Chr…",39,71,381165970,Pumpchic1
Tue Nov 08 17:36:30 +0000 2016,796043732164427776,Tue Nov 08 14:53:13 +0000 2016,796002642174545922,1069,127621,100876,2887465954,Bikers4Trump,"RT @Bikers4Trump: It's #ElectionDay who gets your Vote?
Vote &amp; #RETWEET &amp; Visit https://t.co/cGkVjfkqQR

#PodestaEmails35 are up!
@CNN @Chr…",3385,4642,1506164857,BEDAZZLEDBIEBS
Tue Nov 08 17:37:56 +0000 2016,796044095038877698,Tue Nov 08 14:53:13 +0000 2016,796002642174545922,1070,127623,100892,2887465954,Bikers4Trump,"RT @Bikers4Trump: It's #ElectionDay who gets your Vote?
Vote &amp; #RETWEET &amp; Visit https://t.co/cGkVjfkqQR

#PodestaEmails35 are up!
@CNN @Chr…",641,1482,785843949823033345,ChuckCollier76
Tue Nov 08 17:38:13 +0000 2016,796044166400708608,Tue Nov 08 14:53:13 +0000 2016,796002642174545922,1071,127623,100897,2887465954,Bikers4Trump,"RT @Bikers4Trump: It's #ElectionDay who gets your Vote?
Vote &amp; #RETWEET &amp; Visit https://t.co/cGkVjfkqQR

#PodestaEmails35 are up!
@CNN @Chr…",292,300,782584702414839809,goldy_levy
Tue Nov 08 17:39:46 +0000 2016,796044556781359105,Tue Nov 08 14:53:13 +0000 2016,796002642174545922,1073,127623,100922,2887465954,Bikers4Trump,"RT @Bikers4Trump: It's #ElectionDay who gets your Vote?
Vote &amp; #RETWEET &amp; Visit https://t.co/cGkVjfkqQR

#PodestaEmails35 are up!
@CNN @Chr…",74,198,785076135029673984,VeroniLodge
Tue Nov 08 17:39:48 +0000 2016,796044564213600256,Tue Nov 08 14:53:13 +0000 2016,796002642174545922,1074,127618,100917,2887465954,Bikers4Trump,"RT @Bikers4Trump: It's #ElectionDay who gets your Vote?
Vote &amp; #RETWEET &amp; Visit https://t.co/cGkVjfkqQR

#PodestaEmails35 are up!
@CNN @Chr…",11,40,785183929,rrugcire
Tue Nov 08 17:42:33 +0000 2016,796045256156286976,Tue Nov 08 14:53:13 +0000 2016,796002642174545922,1075,127619,100928,2887465954,Bikers4Trump,"RT @Bikers4Trump: It's #ElectionDay who gets your Vote?
Vote &amp; #RETWEET &amp; Visit https://t.co/cGkVjfkqQR

#PodestaEmails35 are up!
@CNN @Chr…",216,508,174704249,MikeSlominski
Tue Nov 08 17:45:09 +0000 2016,796045911621124096,Tue Nov 08 14:53:13 +0000 2016,796002642174545922,1076,127620,100928,2887465954,Bikers4Trump,"RT @Bikers4Trump: It's #ElectionDay who gets your Vote?
Vote &amp; #RETWEET &amp; Visit https://t.co/cGkVjfkqQR

#PodestaEmails35 are up!
@CNN @Chr…",1069,1029,718157189253234689,jamelbrown187
Tue Nov 08 17:46:51 +0000 2016,796046337313767424,Tue Nov 08 14:53:13 +0000 2016,796002642174545922,1079,127627,100936,2887465954,Bikers4Trump,"RT @Bikers4Trump: It's #ElectionDay who gets your Vote?
Vote &amp; #RETWEET &amp; Visit https://t.co/cGkVjfkqQR

#PodestaEmails35 are up!
@CNN @Chr…",729,290,898635746,SecretAZ12
Tue Nov 08 17:47:06 +0000 2016,796046399070674944,Tue Nov 08 14:53:13 +0000 2016,796002642174545922,1080,127627,100936,2887465954,Bikers4Trump,"RT @Bikers4Trump: It's #ElectionDay who gets your Vote?
Vote &amp; #RETWEET &amp; Visit https://t.co/cGkVjfkqQR

#PodestaEmails35 are up!
@CNN @Chr…",7529,7027,68543202,jane747
Tue Nov 08 17:56:06 +0000 2016,796048665483812864,Tue Nov 08 14:53:13 +0000 2016,796002642174545922,1085,127633,100945,2887465954,Bikers4Trump,"RT @Bikers4Trump: It's #ElectionDay who gets your Vote?
Vote &amp; #RETWEET &amp; Visit https://t.co/cGkVjfkqQR

#PodestaEmails35 are up!
@CNN @Chr…",1080,1245,62493973,TEXASDENNY
Tue Nov 08 17:57:03 +0000 2016,796048903464316928,Tue Nov 08 14:53:13 +0000 2016,796002642174545922,1088,127628,100939,2887465954,Bikers4Trump,"RT @Bikers4Trump: It's #ElectionDay who gets your Vote?
Vote &amp; #RETWEET &amp; Visit https://t.co/cGkVjfkqQR

#PodestaEmails35 are up!
@CNN @Chr…",36372,36319,2333020974,claudio_dguez
Tue Nov 08 17:57:25 +0000 2016,796048995667902464,Tue Nov 08 14:53:13 +0000 2016,796002642174545922,1090,127633,100945,2887465954,Bikers4Trump,"RT @Bikers4Trump: It's #ElectionDay who gets your Vote?
Vote &amp; #RETWEET &amp; Visit https://t.co/cGkVjfkqQR

#PodestaEmails35 are up!
@CNN @Chr…",23307,22701,3005762823,Breaking4Trump
Tue Nov 08 17:58:01 +0000 2016,796049148978036737,Tue Nov 08 14:53:13 +0000 2016,796002642174545922,1091,127633,100945,2887465954,Bikers4Trump,"RT @Bikers4Trump: It's #ElectionDay who gets your Vote?
Vote &amp; #RETWEET &amp; Visit https://t.co/cGkVjfkqQR

#PodestaEmails35 are up!
@CNN @Chr…",1485,1957,891832680,nenaj12012
Tue Nov 08 17:58:25 +0000 2016,796049250115272705,Tue Nov 08 14:53:13 +0000 2016,796002642174545922,1092,127633,100945,2887465954,Bikers4Trump,"RT @Bikers4Trump: It's #ElectionDay who gets your Vote?
Vote &amp; #RETWEET &amp; Visit https://t.co/cGkVjfkqQR

#PodestaEmails35 are up!
@CNN @Chr…",6168,6275,125813890,rustythimble54
Tue Nov 08 17:58:59 +0000 2016,796049392725803008,Tue Nov 08 14:53:13 +0000 2016,796002642174545922,1093,127633,100945,2887465954,Bikers4Trump,"RT @Bikers4Trump: It's #ElectionDay who gets your Vote?
Vote &amp; #RETWEET &amp; Visit https://t.co/cGkVjfkqQR

#PodestaEmails35 are up!
@CNN @Chr…",134,144,178511587,madcleo2010
Tue Nov 08 18:00:24 +0000 2016,796049749552009216,Tue Nov 08 14:53:13 +0000 2016,796002642174545922,1095,127633,100945,2887465954,Bikers4Trump,"RT @Bikers4Trump: It's #ElectionDay who gets your Vote?
Vote &amp; #RETWEET &amp; Visit https://t.co/cGkVjfkqQR

#PodestaEmails35 are up!
@CNN @Chr…",2882,2817,2715665504,PatMair1
Tue Nov 08 18:01:53 +0000 2016,796050123407114240,Tue Nov 08 14:53:13 +0000 2016,796002642174545922,1099,127633,100945,2887465954,Bikers4Trump,"RT @Bikers4Trump: It's #ElectionDay who gets your Vote?
Vote &amp; #RETWEET &amp; Visit https://t.co/cGkVjfkqQR

#PodestaEmails35 are up!
@CNN @Chr…",786,112,730763692007002112,rodger_sutton
Tue Nov 08 18:02:53 +0000 2016,796050374880886784,Tue Nov 08 14:53:13 +0000 2016,796002642174545922,1101,127632,100945,2887465954,Bikers4Trump,"RT @Bikers4Trump: It's #ElectionDay who gets your Vote?
Vote &amp; #RETWEET &amp; Visit https://t.co/cGkVjfkqQR

#PodestaEmails35 are up!
@CNN @Chr…",3911,4747,513873998,BIGSHOW401
Tue Nov 08 18:03:37 +0000 2016,796050559585452032,Tue Nov 08 14:53:13 +0000 2016,796002642174545922,1107,127632,100945,2887465954,Bikers4Trump,"RT @Bikers4Trump: It's #ElectionDay who gets your Vote?
Vote &amp; #RETWEET &amp; Visit https://t.co/cGkVjfkqQR

#PodestaEmails35 are up!
@CNN @Chr…",262,480,3374799981,nocturnalgurl
Tue Nov 08 18:03:42 +0000 2016,796050579860680704,Tue Nov 08 14:53:13 +0000 2016,796002642174545922,1108,127632,100945,2887465954,Bikers4Trump,"RT @Bikers4Trump: It's #ElectionDay who gets your Vote?
Vote &amp; #RETWEET &amp; Visit https://t.co/cGkVjfkqQR

#PodestaEmails35 are up!
@CNN @Chr…",1110,2591,701427350836264960,coffe7773
Tue Nov 08 18:07:12 +0000 2016,796051460857405440,Tue Nov 08 14:53:13 +0000 2016,796002642174545922,1114,127632,100945,2887465954,Bikers4Trump,"RT @Bikers4Trump: It's #ElectionDay who gets your Vote?
Vote &amp; #RETWEET &amp; Visit https://t.co/cGkVjfkqQR

#PodestaEmails35 are up!
@CNN @Chr…",6648,7298,457820209,railboy63
Tue Nov 08 18:07:36 +0000 2016,796051560853803009,Tue Nov 08 14:53:13 +0000 2016,796002642174545922,1116,127632,100945,2887465954,Bikers4Trump,"RT @Bikers4Trump: It's #ElectionDay who gets your Vote?
Vote &amp; #RETWEET &amp; Visit https://t.co/cGkVjfkqQR

#PodestaEmails35 are up!
@CNN @Chr…",3254,2761,3018870708,realNickKnight
Tue Nov 08 18:08:08 +0000 2016,796051696136896512,Tue Nov 08 14:53:13 +0000 2016,796002642174545922,1118,127632,100945,2887465954,Bikers4Trump,"RT @Bikers4Trump: It's #ElectionDay who gets your Vote?
Vote &amp; #RETWEET &amp; Visit https://t.co/cGkVjfkqQR

#PodestaEmails35 are up!
@CNN @Chr…",6420,5304,1692065287,lilwingedpoet
Tue Nov 08 18:10:48 +0000 2016,796052366692913157,Tue Nov 08 14:53:13 +0000 2016,796002642174545922,1121,127633,100945,2887465954,Bikers4Trump,"RT @Bikers4Trump: It's #ElectionDay who gets your Vote?
Vote &amp; #RETWEET &amp; Visit https://t.co/cGkVjfkqQR

#PodestaEmails35 are up!
@CNN @Chr…",41,139,1378058724,2sassc
Tue Nov 08 18:11:35 +0000 2016,796052561182806016,Tue Nov 08 14:53:13 +0000 2016,796002642174545922,1123,127633,100945,2887465954,Bikers4Trump,"RT @Bikers4Trump: It's #ElectionDay who gets your Vote?
Vote &amp; #RETWEET &amp; Visit https://t.co/cGkVjfkqQR

#PodestaEmails35 are up!
@CNN @Chr…",267,143,3433704993,lwhite2112
Tue Nov 08 18:12:30 +0000 2016,796052795266924550,Tue Nov 08 14:53:13 +0000 2016,796002642174545922,1126,127633,100945,2887465954,Bikers4Trump,"RT @Bikers4Trump: It's #ElectionDay who gets your Vote?
Vote &amp; #RETWEET &amp; Visit https://t.co/cGkVjfkqQR

#PodestaEmails35 are up!
@CNN @Chr…",1332,2276,3353061012,Jamierodr10
Tue Nov 08 18:14:22 +0000 2016,796053260905959425,Tue Nov 08 14:53:13 +0000 2016,796002642174545922,1128,127631,100945,2887465954,Bikers4Trump,"RT @Bikers4Trump: It's #ElectionDay who gets your Vote?
Vote &amp; #RETWEET &amp; Visit https://t.co/cGkVjfkqQR

#PodestaEmails35 are up!
@CNN @Chr…",653,131,702649250027536385,RobertBelfi
Tue Nov 08 18:16:25 +0000 2016,796053780181778432,Tue Nov 08 14:53:13 +0000 2016,796002642174545922,1131,127632,100945,2887465954,Bikers4Trump,"RT @Bikers4Trump: It's #ElectionDay who gets your Vote?
Vote &amp; #RETWEET &amp; Visit https://t.co/cGkVjfkqQR

#PodestaEmails35 are up!
@CNN @Chr…",2588,776,741476438784647169,HillaryBreaking
Tue Nov 08 18:17:01 +0000 2016,796053931398930432,Tue Nov 08 14:53:13 +0000 2016,796002642174545922,1133,127633,100945,2887465954,Bikers4Trump,"RT @Bikers4Trump: It's #ElectionDay who gets your Vote?
Vote &amp; #RETWEET &amp; Visit https://t.co/cGkVjfkqQR

#PodestaEmails35 are up!
@CNN @Chr…",434,38,3934213452,sbutterfields
Tue Nov 08 18:17:35 +0000 2016,796054073220984832,Tue Nov 08 14:53:13 +0000 2016,796002642174545922,1134,127633,100945,2887465954,Bikers4Trump,"RT @Bikers4Trump: It's #ElectionDay who gets your Vote?
Vote &amp; #RETWEET &amp; Visit https://t.co/cGkVjfkqQR

#PodestaEmails35 are up!
@CNN @Chr…",1048,1718,513855461,mamoobonnie
Tue Nov 08 18:20:32 +0000 2016,796054816539738112,Tue Nov 08 14:53:13 +0000 2016,796002642174545922,1137,127634,100945,2887465954,Bikers4Trump,"RT @Bikers4Trump: It's #ElectionDay who gets your Vote?
Vote &amp; #RETWEET &amp; Visit https://t.co/cGkVjfkqQR

#PodestaEmails35 are up!
@CNN @Chr…",405,742,46642376,Mr_KM_Rice
Tue Nov 08 18:23:56 +0000 2016,796055671217225732,Tue Nov 08 14:53:13 +0000 2016,796002642174545922,1142,127635,100945,2887465954,Bikers4Trump,"RT @Bikers4Trump: It's #ElectionDay who gets your Vote?
Vote &amp; #RETWEET &amp; Visit https://t.co/cGkVjfkqQR

#PodestaEmails35 are up!
@CNN @Chr…",15,49,747397849458049024,Jim_krankie
Tue Nov 08 18:26:30 +0000 2016,796056317559345152,Tue Nov 08 14:53:13 +0000 2016,796002642174545922,1146,127632,100939,2887465954,Bikers4Trump,"RT @Bikers4Trump: It's #ElectionDay who gets your Vote?
Vote &amp; #RETWEET &amp; Visit https://t.co/cGkVjfkqQR

#PodestaEmails35 are up!
@CNN @Chr…",163,107,784607319208460288,rcsmedley
Tue Nov 08 18:30:11 +0000 2016,796057241988239360,Tue Nov 08 14:53:13 +0000 2016,796002642174545922,1148,127637,100945,2887465954,Bikers4Trump,"RT @Bikers4Trump: It's #ElectionDay who gets your Vote?
Vote &amp; #RETWEET &amp; Visit https://t.co/cGkVjfkqQR

#PodestaEmails35 are up!
@CNN @Chr…",372,323,778370456046833664,MommysBigMouth
Tue Nov 08 18:31:26 +0000 2016,796057559828463617,Tue Nov 08 14:53:13 +0000 2016,796002642174545922,1153,127637,100945,2887465954,Bikers4Trump,"RT @Bikers4Trump: It's #ElectionDay who gets your Vote?
Vote &amp; #RETWEET &amp; Visit https://t.co/cGkVjfkqQR

#PodestaEmails35 are up!
@CNN @Chr…",83,122,784909948023107584,Tommygirl7627
Tue Nov 08 18:37:51 +0000 2016,796059173767221248,Tue Nov 08 14:53:13 +0000 2016,796002642174545922,1165,127640,100961,2887465954,Bikers4Trump,"RT @Bikers4Trump: It's #ElectionDay who gets your Vote?
Vote &amp; #RETWEET &amp; Visit https://t.co/cGkVjfkqQR

#PodestaEmails35 are up!
@CNN @Chr…",995,1003,64219311,Judya1924
Tue Nov 08 18:39:29 +0000 2016,796059585417199616,Tue Nov 08 14:53:13 +0000 2016,796002642174545922,1166,127641,100961,2887465954,Bikers4Trump,"RT @Bikers4Trump: It's #ElectionDay who gets your Vote?
Vote &amp; #RETWEET &amp; Visit https://t.co/cGkVjfkqQR

#PodestaEmails35 are up!
@CNN @Chr…",595,376,3319650211,borndarling
Tue Nov 08 18:41:20 +0000 2016,796060047323308036,Tue Nov 08 14:53:13 +0000 2016,796002642174545922,1168,127641,100961,2887465954,Bikers4Trump,"RT @Bikers4Trump: It's #ElectionDay who gets your Vote?
Vote &amp; #RETWEET &amp; Visit https://t.co/cGkVjfkqQR

#PodestaEmails35 are up!
@CNN @Chr…",635,613,2505222847,ChrisTw1tterman
Tue Nov 08 18:42:49 +0000 2016,796060423997034496,Tue Nov 08 14:53:13 +0000 2016,796002642174545922,1169,127641,100961,2887465954,Bikers4Trump,"RT @Bikers4Trump: It's #ElectionDay who gets your Vote?
Vote &amp; #RETWEET &amp; Visit https://t.co/cGkVjfkqQR

#PodestaEmails35 are up!
@CNN @Chr…",720,786,135860379,Ehctien
Tue Nov 08 18:45:08 +0000 2016,796061004006207488,Tue Nov 08 14:53:13 +0000 2016,796002642174545922,1172,127637,100955,2887465954,Bikers4Trump,"RT @Bikers4Trump: It's #ElectionDay who gets your Vote?
Vote &amp; #RETWEET &amp; Visit https://t.co/cGkVjfkqQR

#PodestaEmails35 are up!
@CNN @Chr…",3058,5003,2570950710,dosdelimas
Tue Nov 08 18:45:28 +0000 2016,796061088752238597,Tue Nov 08 14:53:13 +0000 2016,796002642174545922,1173,127642,100961,2887465954,Bikers4Trump,"RT @Bikers4Trump: It's #ElectionDay who gets your Vote?
Vote &amp; #RETWEET &amp; Visit https://t.co/cGkVjfkqQR

#PodestaEmails35 are up!
@CNN @Chr…",323,130,183396842,avalanch_brkdwn
Tue Nov 08 18:45:32 +0000 2016,796061106766757888,Tue Nov 08 14:53:13 +0000 2016,796002642174545922,1174,127642,100961,2887465954,Bikers4Trump,"RT @Bikers4Trump: It's #ElectionDay who gets your Vote?
Vote &amp; #RETWEET &amp; Visit https://t.co/cGkVjfkqQR

#PodestaEmails35 are up!
@CNN @Chr…",340,367,331057781,mtngrl63
Tue Nov 08 18:46:29 +0000 2016,796061347029123072,Tue Nov 08 14:53:13 +0000 2016,796002642174545922,1177,127642,100961,2887465954,Bikers4Trump,"RT @Bikers4Trump: It's #ElectionDay who gets your Vote?
Vote &amp; #RETWEET &amp; Visit https://t.co/cGkVjfkqQR

#PodestaEmails35 are up!
@CNN @Chr…",1036,1391,874694190,lkk1945
Tue Nov 08 18:46:27 +0000 2016,796061337097043970,Tue Nov 08 14:53:13 +0000 2016,796002642174545922,1176,127642,100961,2887465954,Bikers4Trump,"RT @Bikers4Trump: It's #ElectionDay who gets your Vote?
Vote &amp; #RETWEET &amp; Visit https://t.co/cGkVjfkqQR

#PodestaEmails35 are up!
@CNN @Chr…",71,40,779784828199854080,TrueNewsLeaks
Tue Nov 08 18:49:13 +0000 2016,796062034140008448,Tue Nov 08 14:53:13 +0000 2016,796002642174545922,1182,127643,100961,2887465954,Bikers4Trump,"RT @Bikers4Trump: It's #ElectionDay who gets your Vote?
Vote &amp; #RETWEET &amp; Visit https://t.co/cGkVjfkqQR

#PodestaEmails35 are up!
@CNN @Chr…",23,89,2880897962,BorrowmanRandal
Tue Nov 08 18:50:06 +0000 2016,796062257167958016,Tue Nov 08 14:53:13 +0000 2016,796002642174545922,1183,127644,100961,2887465954,Bikers4Trump,"RT @Bikers4Trump: It's #ElectionDay who gets your Vote?
Vote &amp; #RETWEET &amp; Visit https://t.co/cGkVjfkqQR

#PodestaEmails35 are up!
@CNN @Chr…",16,73,4894683375,senykoff
Tue Nov 08 18:53:28 +0000 2016,796063100957036544,Tue Nov 08 14:53:13 +0000 2016,796002642174545922,1187,127644,100963,2887465954,Bikers4Trump,"RT @Bikers4Trump: It's #ElectionDay who gets your Vote?
Vote &amp; #RETWEET &amp; Visit https://t.co/cGkVjfkqQR

#PodestaEmails35 are up!
@CNN @Chr…",4044,4997,2746715058,suzannemc1967
Tue Nov 08 18:53:43 +0000 2016,796063166790705152,Tue Nov 08 14:53:13 +0000 2016,796002642174545922,1188,127639,100957,2887465954,Bikers4Trump,"RT @Bikers4Trump: It's #ElectionDay who gets your Vote?
Vote &amp; #RETWEET &amp; Visit https://t.co/cGkVjfkqQR

#PodestaEmails35 are up!
@CNN @Chr…",747,1165,777622223863418880,TaoTeTrump
Tue Nov 08 18:56:29 +0000 2016,796063863720423424,Tue Nov 08 14:53:13 +0000 2016,796002642174545922,1193,127641,100957,2887465954,Bikers4Trump,"RT @Bikers4Trump: It's #ElectionDay who gets your Vote?
Vote &amp; #RETWEET &amp; Visit https://t.co/cGkVjfkqQR

#PodestaEmails35 are up!
@CNN @Chr…",822,774,4917714133,HBPrincess530
Tue Nov 08 18:57:26 +0000 2016,796064102347132928,Tue Nov 08 14:53:13 +0000 2016,796002642174545922,1194,127646,100963,2887465954,Bikers4Trump,"RT @Bikers4Trump: It's #ElectionDay who gets your Vote?
Vote &amp; #RETWEET &amp; Visit https://t.co/cGkVjfkqQR

#PodestaEmails35 are up!
@CNN @Chr…",671,998,30913158,mizzwild
Tue Nov 08 18:59:29 +0000 2016,796064617873244160,Tue Nov 08 14:53:13 +0000 2016,796002642174545922,1200,127647,100963,2887465954,Bikers4Trump,"RT @Bikers4Trump: It's #ElectionDay who gets your Vote?
Vote &amp; #RETWEET &amp; Visit https://t.co/cGkVjfkqQR

#PodestaEmails35 are up!
@CNN @Chr…",20,64,2156076502,rfwlsn
Tue Nov 08 19:02:13 +0000 2016,796065305214812160,Tue Nov 08 14:53:13 +0000 2016,796002642174545922,1203,127647,100963,2887465954,Bikers4Trump,"RT @Bikers4Trump: It's #ElectionDay who gets your Vote?
Vote &amp; #RETWEET &amp; Visit https://t.co/cGkVjfkqQR

#PodestaEmails35 are up!
@CNN @Chr…",6992,7051,3108359848,BillBill7542
Tue Nov 08 19:09:12 +0000 2016,796067061990625280,Tue Nov 08 14:53:13 +0000 2016,796002642174545922,1210,127649,100964,2887465954,Bikers4Trump,"RT @Bikers4Trump: It's #ElectionDay who gets your Vote?
Vote &amp; #RETWEET &amp; Visit https://t.co/cGkVjfkqQR

#PodestaEmails35 are up!
@CNN @Chr…",420,435,414430624,CarolCorrell
Tue Nov 08 19:15:41 +0000 2016,796068695462346752,Tue Nov 08 14:53:13 +0000 2016,796002642174545922,1212,127652,100965,2887465954,Bikers4Trump,"RT @Bikers4Trump: It's #ElectionDay who gets your Vote?
Vote &amp; #RETWEET &amp; Visit https://t.co/cGkVjfkqQR

#PodestaEmails35 are up!
@CNN @Chr…",43,1379,2476318402,Tink3850Zoe
Tue Nov 08 19:17:11 +0000 2016,796069072026869760,Tue Nov 08 14:53:13 +0000 2016,796002642174545922,1215,127654,100965,2887465954,Bikers4Trump,"RT @Bikers4Trump: It's #ElectionDay who gets your Vote?
Vote &amp; #RETWEET &amp; Visit https://t.co/cGkVjfkqQR

#PodestaEmails35 are up!
@CNN @Chr…",3503,3760,3134005926,KaterinaKaterna
Tue Nov 08 19:17:50 +0000 2016,796069235562860544,Tue Nov 08 14:53:13 +0000 2016,796002642174545922,1217,127654,100965,2887465954,Bikers4Trump,"RT @Bikers4Trump: It's #ElectionDay who gets your Vote?
Vote &amp; #RETWEET &amp; Visit https://t.co/cGkVjfkqQR

#PodestaEmails35 are up!
@CNN @Chr…",1284,2120,542906276,OLMC1
Tue Nov 08 19:19:10 +0000 2016,796069571614621696,Tue Nov 08 14:53:13 +0000 2016,796002642174545922,1220,127656,100965,2887465954,Bikers4Trump,"RT @Bikers4Trump: It's #ElectionDay who gets your Vote?
Vote &amp; #RETWEET &amp; Visit https://t.co/cGkVjfkqQR

#PodestaEmails35 are up!
@CNN @Chr…",6985,1172,862030153,AshleyEdam
Tue Nov 08 19:19:36 +0000 2016,796069679525756929,Tue Nov 08 14:53:13 +0000 2016,796002642174545922,1222,127656,100965,2887465954,Bikers4Trump,"RT @Bikers4Trump: It's #ElectionDay who gets your Vote?
Vote &amp; #RETWEET &amp; Visit https://t.co/cGkVjfkqQR

#PodestaEmails35 are up!
@CNN @Chr…",3013,4739,4885703096,izzie_adams2
Tue Nov 08 19:21:02 +0000 2016,796070038235136004,Tue Nov 08 14:53:13 +0000 2016,796002642174545922,1230,127656,100965,2887465954,Bikers4Trump,"RT @Bikers4Trump: It's #ElectionDay who gets your Vote?
Vote &amp; #RETWEET &amp; Visit https://t.co/cGkVjfkqQR

#PodestaEmails35 are up!
@CNN @Chr…",606,633,1868692944,steelman14711
Tue Nov 08 19:21:39 +0000 2016,796070193483186180,Tue Nov 08 14:53:13 +0000 2016,796002642174545922,1234,127656,100965,2887465954,Bikers4Trump,"RT @Bikers4Trump: It's #ElectionDay who gets your Vote?
Vote &amp; #RETWEET &amp; Visit https://t.co/cGkVjfkqQR

#PodestaEmails35 are up!
@CNN @Chr…",367,553,27158110,fb2002
Tue Nov 08 19:21:57 +0000 2016,796070272629637120,Tue Nov 08 14:53:13 +0000 2016,796002642174545922,1236,127656,100965,2887465954,Bikers4Trump,"RT @Bikers4Trump: It's #ElectionDay who gets your Vote?
Vote &amp; #RETWEET &amp; Visit https://t.co/cGkVjfkqQR

#PodestaEmails35 are up!
@CNN @Chr…",1804,1369,282677694,DirectLinks911
Tue Nov 08 19:22:27 +0000 2016,796070398521528320,Tue Nov 08 14:53:13 +0000 2016,796002642174545922,1239,127651,100959,2887465954,Bikers4Trump,"RT @Bikers4Trump: It's #ElectionDay who gets your Vote?
Vote &amp; #RETWEET &amp; Visit https://t.co/cGkVjfkqQR

#PodestaEmails35 are up!
@CNN @Chr…",14,79,14972897,jonijack
Tue Nov 08 19:23:18 +0000 2016,796070612309594112,Tue Nov 08 14:53:13 +0000 2016,796002642174545922,1241,127656,100965,2887465954,Bikers4Trump,"RT @Bikers4Trump: It's #ElectionDay who gets your Vote?
Vote &amp; #RETWEET &amp; Visit https://t.co/cGkVjfkqQR

#PodestaEmails35 are up!
@CNN @Chr…",176,188,583479126,maebabe2001
Tue Nov 08 19:27:56 +0000 2016,796071777763893248,Tue Nov 08 14:53:13 +0000 2016,796002642174545922,1251,127607,100886,2887465954,Bikers4Trump,"RT @Bikers4Trump: It's #ElectionDay who gets your Vote?
Vote &amp; #RETWEET &amp; Visit https://t.co/cGkVjfkqQR

#PodestaEmails35 are up!
@CNN @Chr…",207,75,788018254425956352,anonymous001102
Tue Nov 08 19:30:33 +0000 2016,796072435384717313,Tue Nov 08 14:53:13 +0000 2016,796002642174545922,1253,127603,100885,2887465954,Bikers4Trump,"RT @Bikers4Trump: It's #ElectionDay who gets your Vote?
Vote &amp; #RETWEET &amp; Visit https://t.co/cGkVjfkqQR

#PodestaEmails35 are up!
@CNN @Chr…",154,118,728255524303740928,sassy1ntn
Tue Nov 08 19:39:04 +0000 2016,796074578946719744,Tue Nov 08 14:53:13 +0000 2016,796002642174545922,1255,127606,100891,2887465954,Bikers4Trump,"RT @Bikers4Trump: It's #ElectionDay who gets your Vote?
Vote &amp; #RETWEET &amp; Visit https://t.co/cGkVjfkqQR

#PodestaEmails35 are up!
@CNN @Chr…",2371,2439,4496497823,WolfensPride
Tue Nov 08 19:42:09 +0000 2016,796075355195011073,Tue Nov 08 14:53:13 +0000 2016,796002642174545922,1261,127610,100893,2887465954,Bikers4Trump,"RT @Bikers4Trump: It's #ElectionDay who gets your Vote?
Vote &amp; #RETWEET &amp; Visit https://t.co/cGkVjfkqQR

#PodestaEmails35 are up!
@CNN @Chr…",700,907,4046848545,Augustus1683AD
Tue Nov 08 19:42:16 +0000 2016,796075384479633409,Tue Nov 08 14:53:13 +0000 2016,796002642174545922,1262,127610,100893,2887465954,Bikers4Trump,"RT @Bikers4Trump: It's #ElectionDay who gets your Vote?
Vote &amp; #RETWEET &amp; Visit https://t.co/cGkVjfkqQR

#PodestaEmails35 are up!
@CNN @Chr…",237,208,3399692344,Maxx0320
Tue Nov 08 19:42:19 +0000 2016,796075397658116100,Tue Nov 08 14:53:13 +0000 2016,796002642174545922,1264,127610,100893,2887465954,Bikers4Trump,"RT @Bikers4Trump: It's #ElectionDay who gets your Vote?
Vote &amp; #RETWEET &amp; Visit https://t.co/cGkVjfkqQR

#PodestaEmails35 are up!
@CNN @Chr…",8,39,758807930871263232,DRPoets1
Tue Nov 08 19:42:33 +0000 2016,796075456135053312,Tue Nov 08 14:53:13 +0000 2016,796002642174545922,1266,127610,100893,2887465954,Bikers4Trump,"RT @Bikers4Trump: It's #ElectionDay who gets your Vote?
Vote &amp; #RETWEET &amp; Visit https://t.co/cGkVjfkqQR

#PodestaEmails35 are up!
@CNN @Chr…",369,215,1595803782,MezzoMoon
Tue Nov 08 19:42:40 +0000 2016,796075482919870464,Tue Nov 08 14:53:13 +0000 2016,796002642174545922,1268,127610,100893,2887465954,Bikers4Trump,"RT @Bikers4Trump: It's #ElectionDay who gets your Vote?
Vote &amp; #RETWEET &amp; Visit https://t.co/cGkVjfkqQR

#PodestaEmails35 are up!
@CNN @Chr…",327,356,785897261725122560,Voivode_
Tue Nov 08 19:42:44 +0000 2016,796075503132274689,Tue Nov 08 14:53:13 +0000 2016,796002642174545922,1269,127610,100893,2887465954,Bikers4Trump,"RT @Bikers4Trump: It's #ElectionDay who gets your Vote?
Vote &amp; #RETWEET &amp; Visit https://t.co/cGkVjfkqQR

#PodestaEmails35 are up!
@CNN @Chr…",28,154,757240136660840448,Islandtrader68
Tue Nov 08 19:43:21 +0000 2016,796075657373417473,Tue Nov 08 14:53:13 +0000 2016,796002642174545922,1274,127615,100894,2887465954,Bikers4Trump,"RT @Bikers4Trump: It's #ElectionDay who gets your Vote?
Vote &amp; #RETWEET &amp; Visit https://t.co/cGkVjfkqQR

#PodestaEmails35 are up!
@CNN @Chr…",189,285,757737937215815681,britttxhiuttn
Tue Nov 08 19:43:23 +0000 2016,796075665443487744,Tue Nov 08 14:53:13 +0000 2016,796002642174545922,1275,127611,100893,2887465954,Bikers4Trump,"RT @Bikers4Trump: It's #ElectionDay who gets your Vote?
Vote &amp; #RETWEET &amp; Visit https://t.co/cGkVjfkqQR

#PodestaEmails35 are up!
@CNN @Chr…",60,124,758718099386306560,VoteTrumpYo
Tue Nov 08 19:43:34 +0000 2016,796075711673073665,Tue Nov 08 14:53:13 +0000 2016,796002642174545922,1278,127611,100893,2887465954,Bikers4Trump,"RT @Bikers4Trump: It's #ElectionDay who gets your Vote?
Vote &amp; #RETWEET &amp; Visit https://t.co/cGkVjfkqQR

#PodestaEmails35 are up!
@CNN @Chr…",1154,2356,985507718,WildmansWord
Tue Nov 08 19:43:55 +0000 2016,796075800579584000,Tue Nov 08 14:53:13 +0000 2016,796002642174545922,1281,127616,100894,2887465954,Bikers4Trump,"RT @Bikers4Trump: It's #ElectionDay who gets your Vote?
Vote &amp; #RETWEET &amp; Visit https://t.co/cGkVjfkqQR

#PodestaEmails35 are up!
@CNN @Chr…",57,169,700398372054650880,ctf1998
Tue Nov 08 19:44:01 +0000 2016,796075825640652801,Tue Nov 08 14:53:13 +0000 2016,796002642174545922,1284,127612,100893,2887465954,Bikers4Trump,"RT @Bikers4Trump: It's #ElectionDay who gets your Vote?
Vote &amp; #RETWEET &amp; Visit https://t.co/cGkVjfkqQR

#PodestaEmails35 are up!
@CNN @Chr…",517,741,851356278,KallyElizabeth
Tue Nov 08 19:45:02 +0000 2016,796076079324811268,Tue Nov 08 14:53:13 +0000 2016,796002642174545922,1299,127614,100893,2887465954,Bikers4Trump,"RT @Bikers4Trump: It's #ElectionDay who gets your Vote?
Vote &amp; #RETWEET &amp; Visit https://t.co/cGkVjfkqQR

#PodestaEmails35 are up!
@CNN @Chr…",1329,417,4388881763,pmswolfy
Tue Nov 08 19:45:08 +0000 2016,796076105333665792,Tue Nov 08 14:53:13 +0000 2016,796002642174545922,1300,127614,100893,2887465954,Bikers4Trump,"RT @Bikers4Trump: It's #ElectionDay who gets your Vote?
Vote &amp; #RETWEET &amp; Visit https://t.co/cGkVjfkqQR

#PodestaEmails35 are up!
@CNN @Chr…",412,590,701572991159762944,PatriciaLRiver1
Tue Nov 08 19:45:20 +0000 2016,796076156596473856,Tue Nov 08 14:53:13 +0000 2016,796002642174545922,1301,127614,100894,2887465954,Bikers4Trump,"RT @Bikers4Trump: It's #ElectionDay who gets your Vote?
Vote &amp; #RETWEET &amp; Visit https://t.co/cGkVjfkqQR

#PodestaEmails35 are up!
@CNN @Chr…",133,226,3826705697,LouieBagODonuts
Tue Nov 08 19:45:24 +0000 2016,796076171482042369,Tue Nov 08 14:53:13 +0000 2016,796002642174545922,1304,127614,100894,2887465954,Bikers4Trump,"RT @Bikers4Trump: It's #ElectionDay who gets your Vote?
Vote &amp; #RETWEET &amp; Visit https://t.co/cGkVjfkqQR

#PodestaEmails35 are up!
@CNN @Chr…",366,608,357556617,Blueyered
Tue Nov 08 19:46:22 +0000 2016,796076416752349184,Tue Nov 08 14:53:13 +0000 2016,796002642174545922,1312,127613,100894,2887465954,Bikers4Trump,"RT @Bikers4Trump: It's #ElectionDay who gets your Vote?
Vote &amp; #RETWEET &amp; Visit https://t.co/cGkVjfkqQR

#PodestaEmails35 are up!
@CNN @Chr…",273,103,47104706,Miabella4u
Tue Nov 08 19:46:40 +0000 2016,796076492556029952,Tue Nov 08 14:53:13 +0000 2016,796002642174545922,1315,127613,100894,2887465954,Bikers4Trump,"RT @Bikers4Trump: It's #ElectionDay who gets your Vote?
Vote &amp; #RETWEET &amp; Visit https://t.co/cGkVjfkqQR

#PodestaEmails35 are up!
@CNN @Chr…",235,528,2416095628,dfoytx
Tue Nov 08 19:46:58 +0000 2016,796076567667548160,Tue Nov 08 14:53:13 +0000 2016,796002642174545922,1316,127613,100894,2887465954,Bikers4Trump,"RT @Bikers4Trump: It's #ElectionDay who gets your Vote?
Vote &amp; #RETWEET &amp; Visit https://t.co/cGkVjfkqQR

#PodestaEmails35 are up!
@CNN @Chr…",227,226,752469147909386242,Ruth_Red_27
Tue Nov 08 19:47:02 +0000 2016,796076584180600832,Tue Nov 08 14:53:13 +0000 2016,796002642174545922,1317,127613,100894,2887465954,Bikers4Trump,"RT @Bikers4Trump: It's #ElectionDay who gets your Vote?
Vote &amp; #RETWEET &amp; Visit https://t.co/cGkVjfkqQR

#PodestaEmails35 are up!
@CNN @Chr…",1350,1954,1544134861,Rotlieber
Tue Nov 08 19:48:51 +0000 2016,796077038582935552,Tue Nov 08 14:53:13 +0000 2016,796002642174545922,1326,127618,100896,2887465954,Bikers4Trump,"RT @Bikers4Trump: It's #ElectionDay who gets your Vote?
Vote &amp; #RETWEET &amp; Visit https://t.co/cGkVjfkqQR

#PodestaEmails35 are up!
@CNN @Chr…",402,699,780034924787019776,kellgriff13
Tue Nov 08 19:49:47 +0000 2016,796077276437716993,Tue Nov 08 14:53:13 +0000 2016,796002642174545922,1330,127618,100896,2887465954,Bikers4Trump,"RT @Bikers4Trump: It's #ElectionDay who gets your Vote?
Vote &amp; #RETWEET &amp; Visit https://t.co/cGkVjfkqQR

#PodestaEmails35 are up!
@CNN @Chr…",382,218,736291160688201728,Jacquel340
Tue Nov 08 19:50:15 +0000 2016,796077394184568832,Tue Nov 08 14:53:13 +0000 2016,796002642174545922,1333,127614,100895,2887465954,Bikers4Trump,"RT @Bikers4Trump: It's #ElectionDay who gets your Vote?
Vote &amp; #RETWEET &amp; Visit https://t.co/cGkVjfkqQR

#PodestaEmails35 are up!
@CNN @Chr…",1175,1056,4821118661,NationalismYes
Tue Nov 08 19:50:58 +0000 2016,796077574141067264,Tue Nov 08 14:53:13 +0000 2016,796002642174545922,1335,127618,100897,2887465954,Bikers4Trump,"RT @Bikers4Trump: It's #ElectionDay who gets your Vote?
Vote &amp; #RETWEET &amp; Visit https://t.co/cGkVjfkqQR

#PodestaEmails35 are up!
@CNN @Chr…",57,262,72994171,purpledalmation
Tue Nov 08 19:52:25 +0000 2016,796077938580013057,Tue Nov 08 14:53:13 +0000 2016,796002642174545922,1339,127615,100896,2887465954,Bikers4Trump,"RT @Bikers4Trump: It's #ElectionDay who gets your Vote?
Vote &amp; #RETWEET &amp; Visit https://t.co/cGkVjfkqQR

#PodestaEmails35 are up!
@CNN @Chr…",610,1012,906362972,runninmama41
Tue Nov 08 19:52:33 +0000 2016,796077973543628800,Tue Nov 08 14:53:13 +0000 2016,796002642174545922,1340,127619,100897,2887465954,Bikers4Trump,"RT @Bikers4Trump: It's #ElectionDay who gets your Vote?
Vote &amp; #RETWEET &amp; Visit https://t.co/cGkVjfkqQR

#PodestaEmails35 are up!
@CNN @Chr…",295,193,759741490113355777,jujubug1963
Tue Nov 08 19:53:06 +0000 2016,796078111636930560,Tue Nov 08 14:53:13 +0000 2016,796002642174545922,1343,127618,100897,2887465954,Bikers4Trump,"RT @Bikers4Trump: It's #ElectionDay who gets your Vote?
Vote &amp; #RETWEET &amp; Visit https://t.co/cGkVjfkqQR

#PodestaEmails35 are up!
@CNN @Chr…",248,212,787017904608817152,Deplorable_X
Tue Nov 08 19:55:39 +0000 2016,796078751855611906,Tue Nov 08 14:53:13 +0000 2016,796002642174545922,1350,127615,100896,2887465954,Bikers4Trump,"RT @Bikers4Trump: It's #ElectionDay who gets your Vote?
Vote &amp; #RETWEET &amp; Visit https://t.co/cGkVjfkqQR

#PodestaEmails35 are up!
@CNN @Chr…",1990,3020,706845290016464896,TRUMPTASTC
Tue Nov 08 19:55:49 +0000 2016,796078794847223808,Tue Nov 08 14:53:13 +0000 2016,796002642174545922,1351,127615,100896,2887465954,Bikers4Trump,"RT @Bikers4Trump: It's #ElectionDay who gets your Vote?
Vote &amp; #RETWEET &amp; Visit https://t.co/cGkVjfkqQR

#PodestaEmails35 are up!
@CNN @Chr…",5664,5644,26903885,uwsp46
Tue Nov 08 19:56:08 +0000 2016,796078874190868481,Tue Nov 08 14:53:13 +0000 2016,796002642174545922,1352,127615,100896,2887465954,Bikers4Trump,"RT @Bikers4Trump: It's #ElectionDay who gets your Vote?
Vote &amp; #RETWEET &amp; Visit https://t.co/cGkVjfkqQR

#PodestaEmails35 are up!
@CNN @Chr…",104,142,245514023,Huskylover08
Tue Nov 08 19:56:12 +0000 2016,796078891752263680,Tue Nov 08 14:53:13 +0000 2016,796002642174545922,1353,127619,100897,2887465954,Bikers4Trump,"RT @Bikers4Trump: It's #ElectionDay who gets your Vote?
Vote &amp; #RETWEET &amp; Visit https://t.co/cGkVjfkqQR

#PodestaEmails35 are up!
@CNN @Chr…",263,171,4852286956,AndyStein12
Tue Nov 08 19:56:42 +0000 2016,796079013966057476,Tue Nov 08 14:53:13 +0000 2016,796002642174545922,1357,127615,100896,2887465954,Bikers4Trump,"RT @Bikers4Trump: It's #ElectionDay who gets your Vote?
Vote &amp; #RETWEET &amp; Visit https://t.co/cGkVjfkqQR

#PodestaEmails35 are up!
@CNN @Chr…",605,366,721561541284335617,220c0219a89045f
Tue Nov 08 19:57:54 +0000 2016,796079318786969600,Tue Nov 08 14:53:13 +0000 2016,796002642174545922,1361,127619,100897,2887465954,Bikers4Trump,"RT @Bikers4Trump: It's #ElectionDay who gets your Vote?
Vote &amp; #RETWEET &amp; Visit https://t.co/cGkVjfkqQR

#PodestaEmails35 are up!
@CNN @Chr…",19,60,28898378,jsummerm
Tue Nov 08 20:02:21 +0000 2016,796080439677112320,Tue Nov 08 14:53:13 +0000 2016,796002642174545922,1366,127613,100896,2887465954,Bikers4Trump,"RT @Bikers4Trump: It's #ElectionDay who gets your Vote?
Vote &amp; #RETWEET &amp; Visit https://t.co/cGkVjfkqQR

#PodestaEmails35 are up!
@CNN @Chr…",2616,2461,21622754,alta247
Tue Nov 08 20:03:03 +0000 2016,796080612578914304,Tue Nov 08 14:53:13 +0000 2016,796002642174545922,1367,127613,100896,2887465954,Bikers4Trump,"RT @Bikers4Trump: It's #ElectionDay who gets your Vote?
Vote &amp; #RETWEET &amp; Visit https://t.co/cGkVjfkqQR

#PodestaEmails35 are up!
@CNN @Chr…",335,405,137716570,snickersbuddy
Tue Nov 08 20:06:16 +0000 2016,796081424487092225,Tue Nov 08 14:53:13 +0000 2016,796002642174545922,1368,127615,100898,2887465954,Bikers4Trump,"RT @Bikers4Trump: It's #ElectionDay who gets your Vote?
Vote &amp; #RETWEET &amp; Visit https://t.co/cGkVjfkqQR

#PodestaEmails35 are up!
@CNN @Chr…",163,300,753564731236032512,madmax1076
Tue Nov 08 20:09:56 +0000 2016,796082344469950464,Tue Nov 08 14:53:13 +0000 2016,796002642174545922,1373,127616,100902,2887465954,Bikers4Trump,"RT @Bikers4Trump: It's #ElectionDay who gets your Vote?
Vote &amp; #RETWEET &amp; Visit https://t.co/cGkVjfkqQR

#PodestaEmails35 are up!
@CNN @Chr…",41,251,777322996616671232,AmericanPat81
Tue Nov 08 20:18:34 +0000 2016,796084519476588544,Tue Nov 08 14:53:13 +0000 2016,796002642174545922,1381,127616,100902,2887465954,Bikers4Trump,"RT @Bikers4Trump: It's #ElectionDay who gets your Vote?
Vote &amp; #RETWEET &amp; Visit https://t.co/cGkVjfkqQR

#PodestaEmails35 are up!
@CNN @Chr…",339,566,729812507364306946,SusanMainSt
Tue Nov 08 20:27:14 +0000 2016,796086700913164288,Tue Nov 08 14:53:13 +0000 2016,796002642174545922,1384,127618,100902,2887465954,Bikers4Trump,"RT @Bikers4Trump: It's #ElectionDay who gets your Vote?
Vote &amp; #RETWEET &amp; Visit https://t.co/cGkVjfkqQR

#PodestaEmails35 are up!
@CNN @Chr…",24,61,756070203612692480,casinomomen
Tue Nov 08 20:32:38 +0000 2016,796088059209060352,Tue Nov 08 14:53:13 +0000 2016,796002642174545922,1387,127621,100902,2887465954,Bikers4Trump,"RT @Bikers4Trump: It's #ElectionDay who gets your Vote?
Vote &amp; #RETWEET &amp; Visit https://t.co/cGkVjfkqQR

#PodestaEmails35 are up!
@CNN @Chr…",930,1177,874716008,BakerfaFrank
Tue Nov 08 20:39:47 +0000 2016,796089859672829953,Tue Nov 08 14:53:13 +0000 2016,796002642174545922,1393,127624,100902,2887465954,Bikers4Trump,"RT @Bikers4Trump: It's #ElectionDay who gets your Vote?
Vote &amp; #RETWEET &amp; Visit https://t.co/cGkVjfkqQR

#PodestaEmails35 are up!
@CNN @Chr…",820,1118,3001649164,dedov49
Tue Nov 08 20:39:49 +0000 2016,796089867755208704,Tue Nov 08 14:53:13 +0000 2016,796002642174545922,1394,127624,100902,2887465954,Bikers4Trump,"RT @Bikers4Trump: It's #ElectionDay who gets your Vote?
Vote &amp; #RETWEET &amp; Visit https://t.co/cGkVjfkqQR

#PodestaEmails35 are up!
@CNN @Chr…",8069,4943,1064203465,tymadisonmom
Tue Nov 08 20:41:40 +0000 2016,796090333402644484,Tue Nov 08 14:53:13 +0000 2016,796002642174545922,1397,127624,100902,2887465954,Bikers4Trump,"RT @Bikers4Trump: It's #ElectionDay who gets your Vote?
Vote &amp; #RETWEET &amp; Visit https://t.co/cGkVjfkqQR

#PodestaEmails35 are up!
@CNN @Chr…",5285,5815,393619151,herewegokids7
Tue Nov 08 20:41:55 +0000 2016,796090396963020800,Tue Nov 08 14:53:13 +0000 2016,796002642174545922,1398,127628,100903,2887465954,Bikers4Trump,"RT @Bikers4Trump: It's #ElectionDay who gets your Vote?
Vote &amp; #RETWEET &amp; Visit https://t.co/cGkVjfkqQR

#PodestaEmails35 are up!
@CNN @Chr…",3914,4399,152087549,zoeziz
Tue Nov 08 20:42:33 +0000 2016,796090552651550721,Tue Nov 08 14:53:13 +0000 2016,796002642174545922,1402,127625,100902,2887465954,Bikers4Trump,"RT @Bikers4Trump: It's #ElectionDay who gets your Vote?
Vote &amp; #RETWEET &amp; Visit https://t.co/cGkVjfkqQR

#PodestaEmails35 are up!
@CNN @Chr…",1936,861,3808653920,grits19577
Tue Nov 08 20:44:38 +0000 2016,796091080777330688,Tue Nov 08 14:53:13 +0000 2016,796002642174545922,1403,127625,100902,2887465954,Bikers4Trump,"RT @Bikers4Trump: It's #ElectionDay who gets your Vote?
Vote &amp; #RETWEET &amp; Visit https://t.co/cGkVjfkqQR

#PodestaEmails35 are up!
@CNN @Chr…",818,794,2819576381,CatherineTholl
Tue Nov 08 20:44:45 +0000 2016,796091109130678272,Tue Nov 08 14:53:13 +0000 2016,796002642174545922,1404,127629,100903,2887465954,Bikers4Trump,"RT @Bikers4Trump: It's #ElectionDay who gets your Vote?
Vote &amp; #RETWEET &amp; Visit https://t.co/cGkVjfkqQR

#PodestaEmails35 are up!
@CNN @Chr…",600,858,901039452,azsalasal
Tue Nov 08 20:45:28 +0000 2016,796091290114985984,Tue Nov 08 14:53:13 +0000 2016,796002642174545922,1405,127626,100902,2887465954,Bikers4Trump,"RT @Bikers4Trump: It's #ElectionDay who gets your Vote?
Vote &amp; #RETWEET &amp; Visit https://t.co/cGkVjfkqQR

#PodestaEmails35 are up!
@CNN @Chr…",364,362,70508257,demize21
Tue Nov 08 20:46:17 +0000 2016,796091494864130048,Tue Nov 08 14:53:13 +0000 2016,796002642174545922,1406,127626,100902,2887465954,Bikers4Trump,"RT @Bikers4Trump: It's #ElectionDay who gets your Vote?
Vote &amp; #RETWEET &amp; Visit https://t.co/cGkVjfkqQR

#PodestaEmails35 are up!
@CNN @Chr…",959,2148,705188763060846593,SamRomine3
Tue Nov 08 20:54:31 +0000 2016,796093567764574208,Tue Nov 08 14:53:13 +0000 2016,796002642174545922,1407,127631,100904,2887465954,Bikers4Trump,"RT @Bikers4Trump: It's #ElectionDay who gets your Vote?
Vote &amp; #RETWEET &amp; Visit https://t.co/cGkVjfkqQR

#PodestaEmails35 are up!
@CNN @Chr…",427,104,40914675,DjManotas
Tue Nov 08 21:18:23 +0000 2016,796099570761691136,Tue Nov 08 14:53:13 +0000 2016,796002642174545922,1414,127631,100904,2887465954,Bikers4Trump,"RT @Bikers4Trump: It's #ElectionDay who gets your Vote?
Vote &amp; #RETWEET &amp; Visit https://t.co/cGkVjfkqQR

#PodestaEmails35 are up!
@CNN @Chr…",2348,5001,3344127136,MattVotedTrump
Tue Nov 08 21:19:59 +0000 2016,796099976409583617,Tue Nov 08 14:53:13 +0000 2016,796002642174545922,1415,127631,100904,2887465954,Bikers4Trump,"RT @Bikers4Trump: It's #ElectionDay who gets your Vote?
Vote &amp; #RETWEET &amp; Visit https://t.co/cGkVjfkqQR

#PodestaEmails35 are up!
@CNN @Chr…",190,157,3950712737,peggy_fruge
Tue Nov 08 21:22:29 +0000 2016,796100604846362624,Tue Nov 08 14:53:13 +0000 2016,796002642174545922,1418,127631,100904,2887465954,Bikers4Trump,"RT @Bikers4Trump: It's #ElectionDay who gets your Vote?
Vote &amp; #RETWEET &amp; Visit https://t.co/cGkVjfkqQR

#PodestaEmails35 are up!
@CNN @Chr…",1043,1514,780736441,SashaLelyukh
Tue Nov 08 21:23:34 +0000 2016,796100878423818242,Tue Nov 08 14:53:13 +0000 2016,796002642174545922,1419,127641,100892,2887465954,Bikers4Trump,"RT @Bikers4Trump: It's #ElectionDay who gets your Vote?
Vote &amp; #RETWEET &amp; Visit https://t.co/cGkVjfkqQR

#PodestaEmails35 are up!
@CNN @Chr…",48736,25448,88494677,catwahler
Tue Nov 08 21:24:08 +0000 2016,796101020212494336,Tue Nov 08 14:53:13 +0000 2016,796002642174545922,1420,127637,100894,2887465954,Bikers4Trump,"RT @Bikers4Trump: It's #ElectionDay who gets your Vote?
Vote &amp; #RETWEET &amp; Visit https://t.co/cGkVjfkqQR

#PodestaEmails35 are up!
@CNN @Chr…",2321,2570,20381381,clk_1257
Tue Nov 08 21:24:58 +0000 2016,796101229961248768,Tue Nov 08 14:53:13 +0000 2016,796002642174545922,1423,127637,100894,2887465954,Bikers4Trump,"RT @Bikers4Trump: It's #ElectionDay who gets your Vote?
Vote &amp; #RETWEET &amp; Visit https://t.co/cGkVjfkqQR

#PodestaEmails35 are up!
@CNN @Chr…",707,701,59614978,Nelronnie
Tue Nov 08 21:37:03 +0000 2016,796104270802288640,Tue Nov 08 14:53:13 +0000 2016,796002642174545922,1430,127643,100898,2887465954,Bikers4Trump,"RT @Bikers4Trump: It's #ElectionDay who gets your Vote?
Vote &amp; #RETWEET &amp; Visit https://t.co/cGkVjfkqQR

#PodestaEmails35 are up!
@CNN @Chr…",275,278,16420194,foyjh
Tue Nov 08 21:37:48 +0000 2016,796104460133081088,Tue Nov 08 14:53:13 +0000 2016,796002642174545922,1431,127642,100898,2887465954,Bikers4Trump,"RT @Bikers4Trump: It's #ElectionDay who gets your Vote?
Vote &amp; #RETWEET &amp; Visit https://t.co/cGkVjfkqQR

#PodestaEmails35 are up!
@CNN @Chr…",1224,1441,15978463,jeweltyme
Tue Nov 08 21:42:38 +0000 2016,796105673209679872,Tue Nov 08 14:53:13 +0000 2016,796002642174545922,1432,127641,100898,2887465954,Bikers4Trump,"RT @Bikers4Trump: It's #ElectionDay who gets your Vote?
Vote &amp; #RETWEET &amp; Visit https://t.co/cGkVjfkqQR

#PodestaEmails35 are up!
@CNN @Chr…",619,929,1666293420,Sol_Smilez
Tue Nov 08 21:55:58 +0000 2016,796109032301985792,Tue Nov 08 14:53:13 +0000 2016,796002642174545922,1436,127649,100898,2887465954,Bikers4Trump,"RT @Bikers4Trump: It's #ElectionDay who gets your Vote?
Vote &amp; #RETWEET &amp; Visit https://t.co/cGkVjfkqQR

#PodestaEmails35 are up!
@CNN @Chr…",214,234,1927194554,robgee704
Tue Nov 08 21:56:13 +0000 2016,796109094809649152,Tue Nov 08 14:53:13 +0000 2016,796002642174545922,1437,127649,100898,2887465954,Bikers4Trump,"RT @Bikers4Trump: It's #ElectionDay who gets your Vote?
Vote &amp; #RETWEET &amp; Visit https://t.co/cGkVjfkqQR

#PodestaEmails35 are up!
@CNN @Chr…",151,141,701575174089482240,agarris28
Tue Nov 08 22:10:53 +0000 2016,796112785205764096,Tue Nov 08 14:53:13 +0000 2016,796002642174545922,1440,127652,100899,2887465954,Bikers4Trump,"RT @Bikers4Trump: It's #ElectionDay who gets your Vote?
Vote &amp; #RETWEET &amp; Visit https://t.co/cGkVjfkqQR

#PodestaEmails35 are up!
@CNN @Chr…",11341,8764,242495902,Beth4Freedom
Tue Nov 08 22:17:52 +0000 2016,796114539649572864,Tue Nov 08 14:53:13 +0000 2016,796002642174545922,1443,127652,100899,2887465954,Bikers4Trump,"RT @Bikers4Trump: It's #ElectionDay who gets your Vote?
Vote &amp; #RETWEET &amp; Visit https://t.co/cGkVjfkqQR

#PodestaEmails35 are up!
@CNN @Chr…",1820,1379,3079759801,Rosechristenbe1
Tue Nov 08 22:19:15 +0000 2016,796114891132129281,Tue Nov 08 14:53:13 +0000 2016,796002642174545922,1447,127656,100897,2887465954,Bikers4Trump,"RT @Bikers4Trump: It's #ElectionDay who gets your Vote?
Vote &amp; #RETWEET &amp; Visit https://t.co/cGkVjfkqQR

#PodestaEmails35 are up!
@CNN @Chr…",972,2166,1371572360,javierccancce
Tue Nov 08 22:32:19 +0000 2016,796118179059814404,Tue Nov 08 14:53:13 +0000 2016,796002642174545922,1451,127655,100899,2887465954,Bikers4Trump,"RT @Bikers4Trump: It's #ElectionDay who gets your Vote?
Vote &amp; #RETWEET &amp; Visit https://t.co/cGkVjfkqQR

#PodestaEmails35 are up!
@CNN @Chr…",7626,7602,32144891,LLH713
Tue Nov 08 22:57:26 +0000 2016,796124500542754817,Tue Nov 08 14:53:13 +0000 2016,796002642174545922,1461,127665,100899,2887465954,Bikers4Trump,"RT @Bikers4Trump: It's #ElectionDay who gets your Vote?
Vote &amp; #RETWEET &amp; Visit https://t.co/cGkVjfkqQR

#PodestaEmails35 are up!
@CNN @Chr…",13,103,796045090041065473,GirlsForTrump77
Tue Nov 08 22:58:38 +0000 2016,796124802729869320,Tue Nov 08 14:53:13 +0000 2016,796002642174545922,1463,127665,100899,2887465954,Bikers4Trump,"RT @Bikers4Trump: It's #ElectionDay who gets your Vote?
Vote &amp; #RETWEET &amp; Visit https://t.co/cGkVjfkqQR

#PodestaEmails35 are up!
@CNN @Chr…",10830,11278,321632766,nanaziegler
Tue Nov 08 22:59:13 +0000 2016,796124945919209473,Tue Nov 08 14:53:13 +0000 2016,796002642174545922,1464,127666,100899,2887465954,Bikers4Trump,"RT @Bikers4Trump: It's #ElectionDay who gets your Vote?
Vote &amp; #RETWEET &amp; Visit https://t.co/cGkVjfkqQR

#PodestaEmails35 are up!
@CNN @Chr…",2290,1947,341730948,schwarzengel88
Tue Nov 08 23:00:36 +0000 2016,796125296680435712,Tue Nov 08 14:53:13 +0000 2016,796002642174545922,1466,127666,100899,2887465954,Bikers4Trump,"RT @Bikers4Trump: It's #ElectionDay who gets your Vote?
Vote &amp; #RETWEET &amp; Visit https://t.co/cGkVjfkqQR

#PodestaEmails35 are up!
@CNN @Chr…",428,410,23663494,Deanwrd
Tue Nov 08 23:11:15 +0000 2016,796127977792819200,Tue Nov 08 14:53:13 +0000 2016,796002642174545922,1468,127668,100899,2887465954,Bikers4Trump,"RT @Bikers4Trump: It's #ElectionDay who gets your Vote?
Vote &amp; #RETWEET &amp; Visit https://t.co/cGkVjfkqQR

#PodestaEmails35 are up!
@CNN @Chr…",1860,2765,1730407724,annaachubert
Tue Nov 08 23:14:49 +0000 2016,796128875067518976,Tue Nov 08 14:53:13 +0000 2016,796002642174545922,1470,127674,100897,2887465954,Bikers4Trump,"RT @Bikers4Trump: It's #ElectionDay who gets your Vote?
Vote &amp; #RETWEET &amp; Visit https://t.co/cGkVjfkqQR

#PodestaEmails35 are up!
@CNN @Chr…",21097,3231,566858729,ErickLavi
Tue Nov 08 23:15:12 +0000 2016,796128970789920768,Tue Nov 08 14:53:13 +0000 2016,796002642174545922,1471,127674,100897,2887465954,Bikers4Trump,"RT @Bikers4Trump: It's #ElectionDay who gets your Vote?
Vote &amp; #RETWEET &amp; Visit https://t.co/cGkVjfkqQR

#PodestaEmails35 are up!
@CNN @Chr…",82,226,1906551332,DruryKenny
Tue Nov 08 23:15:22 +0000 2016,796129013181939712,Tue Nov 08 14:53:13 +0000 2016,796002642174545922,1472,127670,100899,2887465954,Bikers4Trump,"RT @Bikers4Trump: It's #ElectionDay who gets your Vote?
Vote &amp; #RETWEET &amp; Visit https://t.co/cGkVjfkqQR

#PodestaEmails35 are up!
@CNN @Chr…",628,193,711305198421946368,LindaMo60594098
Tue Nov 08 23:15:31 +0000 2016,796129050817392642,Tue Nov 08 14:53:13 +0000 2016,796002642174545922,1474,127670,100899,2887465954,Bikers4Trump,"RT @Bikers4Trump: It's #ElectionDay who gets your Vote?
Vote &amp; #RETWEET &amp; Visit https://t.co/cGkVjfkqQR

#PodestaEmails35 are up!
@CNN @Chr…",655,1514,65336280,brigamongus
Tue Nov 08 23:15:33 +0000 2016,796129059994562560,Tue Nov 08 14:53:13 +0000 2016,796002642174545922,1475,127670,100899,2887465954,Bikers4Trump,"RT @Bikers4Trump: It's #ElectionDay who gets your Vote?
Vote &amp; #RETWEET &amp; Visit https://t.co/cGkVjfkqQR

#PodestaEmails35 are up!
@CNN @Chr…",3122,2692,258240944,Mich4Trump
Tue Nov 08 23:16:20 +0000 2016,796129256547811328,Tue Nov 08 14:53:13 +0000 2016,796002642174545922,1479,127674,100897,2887465954,Bikers4Trump,"RT @Bikers4Trump: It's #ElectionDay who gets your Vote?
Vote &amp; #RETWEET &amp; Visit https://t.co/cGkVjfkqQR

#PodestaEmails35 are up!
@CNN @Chr…",13200,10834,162301746,EvelynGarone
Tue Nov 08 23:16:32 +0000 2016,796129306946768896,Tue Nov 08 14:53:13 +0000 2016,796002642174545922,1480,127670,100899,2887465954,Bikers4Trump,"RT @Bikers4Trump: It's #ElectionDay who gets your Vote?
Vote &amp; #RETWEET &amp; Visit https://t.co/cGkVjfkqQR

#PodestaEmails35 are up!
@CNN @Chr…",306,244,4322432555,EdGallagher15
Tue Nov 08 23:16:50 +0000 2016,796129381999607808,Tue Nov 08 14:53:13 +0000 2016,796002642174545922,1481,127670,100899,2887465954,Bikers4Trump,"RT @Bikers4Trump: It's #ElectionDay who gets your Vote?
Vote &amp; #RETWEET &amp; Visit https://t.co/cGkVjfkqQR

#PodestaEmails35 are up!
@CNN @Chr…",242,114,694575505450754048,KaitlynGerScot7
Tue Nov 08 23:16:52 +0000 2016,796129390983725056,Tue Nov 08 14:53:13 +0000 2016,796002642174545922,1482,127674,100897,2887465954,Bikers4Trump,"RT @Bikers4Trump: It's #ElectionDay who gets your Vote?
Vote &amp; #RETWEET &amp; Visit https://t.co/cGkVjfkqQR

#PodestaEmails35 are up!
@CNN @Chr…",934,179,2305853304,shirl47char
Tue Nov 08 23:17:03 +0000 2016,796129436617867264,Tue Nov 08 14:53:13 +0000 2016,796002642174545922,1483,127670,100899,2887465954,Bikers4Trump,"RT @Bikers4Trump: It's #ElectionDay who gets your Vote?
Vote &amp; #RETWEET &amp; Visit https://t.co/cGkVjfkqQR

#PodestaEmails35 are up!
@CNN @Chr…",255,184,1247201575,lbowershlh
Tue Nov 08 23:17:35 +0000 2016,796129571531878402,Tue Nov 08 14:53:13 +0000 2016,796002642174545922,1485,127670,100899,2887465954,Bikers4Trump,"RT @Bikers4Trump: It's #ElectionDay who gets your Vote?
Vote &amp; #RETWEET &amp; Visit https://t.co/cGkVjfkqQR

#PodestaEmails35 are up!
@CNN @Chr…",1225,2020,3089894385,bbhall0906
Tue Nov 08 23:18:17 +0000 2016,796129747193495553,Tue Nov 08 14:53:13 +0000 2016,796002642174545922,1489,127670,100899,2887465954,Bikers4Trump,"RT @Bikers4Trump: It's #ElectionDay who gets your Vote?
Vote &amp; #RETWEET &amp; Visit https://t.co/cGkVjfkqQR

#PodestaEmails35 are up!
@CNN @Chr…",224,199,30856797,talasman111
Tue Nov 08 23:19:47 +0000 2016,796130125624524800,Tue Nov 08 14:53:13 +0000 2016,796002642174545922,1496,127670,100899,2887465954,Bikers4Trump,"RT @Bikers4Trump: It's #ElectionDay who gets your Vote?
Vote &amp; #RETWEET &amp; Visit https://t.co/cGkVjfkqQR

#PodestaEmails35 are up!
@CNN @Chr…",2404,4042,4918260362,dfisher76493463
Tue Nov 08 23:22:04 +0000 2016,796130699141152768,Tue Nov 08 14:53:13 +0000 2016,796002642174545922,1499,127672,100899,2887465954,Bikers4Trump,"RT @Bikers4Trump: It's #ElectionDay who gets your Vote?
Vote &amp; #RETWEET &amp; Visit https://t.co/cGkVjfkqQR

#PodestaEmails35 are up!
@CNN @Chr…",604,315,563056473,kglass1957
Tue Nov 08 23:23:57 +0000 2016,796131173864996865,Tue Nov 08 14:53:13 +0000 2016,796002642174545922,1502,127657,100885,2887465954,Bikers4Trump,"RT @Bikers4Trump: It's #ElectionDay who gets your Vote?
Vote &amp; #RETWEET &amp; Visit https://t.co/cGkVjfkqQR

#PodestaEmails35 are up!
@CNN @Chr…",287,78,2779880657,greywolf0674
Tue Nov 08 23:24:02 +0000 2016,796131193989304320,Tue Nov 08 14:53:13 +0000 2016,796002642174545922,1503,127658,100885,2887465954,Bikers4Trump,"RT @Bikers4Trump: It's #ElectionDay who gets your Vote?
Vote &amp; #RETWEET &amp; Visit https://t.co/cGkVjfkqQR

#PodestaEmails35 are up!
@CNN @Chr…",3409,5005,313055068,MelBchREALTOR
Tue Nov 08 23:24:50 +0000 2016,796131395424972801,Tue Nov 08 14:53:13 +0000 2016,796002642174545922,1504,127659,100885,2887465954,Bikers4Trump,"RT @Bikers4Trump: It's #ElectionDay who gets your Vote?
Vote &amp; #RETWEET &amp; Visit https://t.co/cGkVjfkqQR

#PodestaEmails35 are up!
@CNN @Chr…",790,717,760589124172591104,ben_watching
Tue Nov 08 23:26:22 +0000 2016,796131781749702658,Tue Nov 08 14:53:13 +0000 2016,796002642174545922,1507,127660,100885,2887465954,Bikers4Trump,"RT @Bikers4Trump: It's #ElectionDay who gets your Vote?
Vote &amp; #RETWEET &amp; Visit https://t.co/cGkVjfkqQR

#PodestaEmails35 are up!
@CNN @Chr…",465,842,20057873,defunked
Tue Nov 08 23:29:08 +0000 2016,796132474598195200,Tue Nov 08 14:53:13 +0000 2016,796002642174545922,1510,127659,100883,2887465954,Bikers4Trump,"RT @Bikers4Trump: It's #ElectionDay who gets your Vote?
Vote &amp; #RETWEET &amp; Visit https://t.co/cGkVjfkqQR

#PodestaEmails35 are up!
@CNN @Chr…",803,216,3289045495,yayala19
Tue Nov 08 23:30:58 +0000 2016,796132938815520769,Tue Nov 08 14:53:13 +0000 2016,796002642174545922,1511,127660,100886,2887465954,Bikers4Trump,"RT @Bikers4Trump: It's #ElectionDay who gets your Vote?
Vote &amp; #RETWEET &amp; Visit https://t.co/cGkVjfkqQR

#PodestaEmails35 are up!
@CNN @Chr…",2898,2438,3362688082,Teenie6619Tina
