ladydwall,7
ddc1168,5
TennesseeTexan,5
hasnopants,4
LA_JuneX,4
liszewsk,4
TroyKotaSan,4
Grandtheauto4,4
tnted96,4
AgentDeplorable,4
luka_light,4
JulieEveretts,4
JoyfulAmbitions,4
Jeffrey74749980,4
SteveC_USA,4
604_9705,4
Augustus1683AD,4
Donnawescott2,4
Sofia03336,4
mandersonhare1,3
Kellydanes1,3
dek6media,3
thatgirlsandra5,3
MatthewJinx,3
Claudia4Trump,3
Josephjmontele2,3
Johnoha02978265,3
lulach_cuardach,3
rickybobby90210,3
PhyllisHart16,3
randomsweede,3
CaballeroOHara,3
CharliSixx,3
Mike_Sand_Man,3
Cate66,3
GrammerSherry,3
kthawkins8,3
SaulusSedai,3
PLAGUEDDC5,3
jayizzo50,3
collette8888,3
AmericasInPeril,3
Lyle_Willis,3
Jeffsright,3
avalanch_brkdwn,3
wrs1260,3
KGHASKINS1,3
mllnola,3
JakielMirka,3
steelman14711,2
MattJC73,2
amspeed13,2
RachelSavone,2
Coalition4Trump,2
lifecoachcathy,2
ReasonableUSA1,2
ljellinek,2
Paolalopez1971,2
Barb138,2
rsultzba,2
remedialgenius,2
gary_cardio1501,2
af737digger,2
apphandae,2
eke325xz,2
yhbt_hand,2
NattyNoles13,2
Jennife52613581,2
sallysynge,2
MatrixJacker,2
damonbrown827,2
FridgeVice,2
qt4shrt,2
GStashko,2
GLENCOLLINS_,2
JerrodRenner,2
Mcrick03,2
DMHord1,2
MitraBasaula,2
letradoarmando1,2
JLLammy,2
lobecohmngbird,2
ElectionDayPoll,2
tzanneng,2
iKneelForNoMan,2
pinksugar61,2
jacksonpeters05,2
roddy202620,2
Yanktanker1,2
Glory_Patriot,2
BrookNatalie10,2
zghzgly,2
dave_deplorable,2
_ShonkJ,2
lisainco,2
Murlgirl1,2
exitandobserve,2
IndigoJewelry,2
JerryNi84431179,2
workingwoman911,2
DoreenParrish,2
ALobo2372,2
antonimorodrigo,2
BertiniJohn,2
Daisies55,2
burk9,2
debbi139,2
MelanieKReese,2
chally1946,2
JanLaduron,2
Pitako1340,2
martinmarcus21,2
zabeyou,2
MrsWunami,2
badtweetbot,2
lmaxir1,2
MichaelSartorSr,2
deannaguillory,2
goodinplenty1,2
tigerandbuck,2
jcpeanut2345,2
TreaureHunters,2
EastYorksTroop,2
mungamLI,2
ramke28,2
NanaOxford,2
trumpwins2,2
caden807,2
717ontheprairie,2
clintonchineduc,2
astanad,2
tmguadagno,2
pello4497,2
elaniecardenas,2
kagu19,2
JJGERL,2
KatherineWolfr2,2
onecrzygirl,2
SkinnyScents,2
babyjacksmom09,2
jhorne24746260,2
donvrjr1,2
mjohns12006iou,2
AngryCitizen8,2
Jake_Venger,2
GoykhmanAlla,2
RadicalStoic,2
Jackyal2077,2
AJhappy2,2
EdMalchiodi,2
itsFranco,2
DkneuteSJU,2
BelisaDavis,2
mpekarski61,2
ReneeCarrollPhx,2
j_PAUL2282,2
BobbyfiferCarol,2
Tarkan291,2
TrustedTrevor,2
grammybijou3,2
deezerdeezer,2
digino69,2
SIeepyConscious,2
ReluctantlyP,2
JoanneTarpon07,2
nancyurbino,2
WiseCat_11,2
bridgettlthomp,2
mamoobonnie,2
ElizabethVlaho1,2
lulujoy6101,2
LeeksM,2
JeffTwinsFan,2
francishumes,2
Thundergrips,2
Jarod23409143,2
galleydiana5,2
TeamTrumpTeX,2
Scrufey21Me,2
JenJustjen515,2
itsnebulaz,2
FatFatsigi,2
JennyIzzle007,2
crazyferret237,2
MrsDutchTulip,2
ptsd1471,2
ChidiebereEze9,2
National_Strike,2
juliocv0951,2
omanorji,2
jerryh0501,2
Chess_Facts,2
Imagin3_dragons,2
Iron_Patriot76,2
aatmanjal,2
Hermesdon,2
adamadozen,2
Graftedin2truth,2
RingStix,2
jizzi1,2
Sophie012075,2
veganvecoh,2
DianeBBennett1,2
waterjason,2
MikeJackson9701,2
SUFCBlade,1
wlow9,1
DenzelBangBang,1
nybsnchico,1
yeslouisville,1
mannyfrank,1
OwenKYoung,1
thumpTrump2016,1
ceejay_delarea,1
turner805,1
LSebestinaite,1
TEDxBellevueCol,1
macsunny33,1
GLENN_BEATTY,1
lynnopdyke,1
Stef_1108,1
DrM39296837,1
ohaakopa,1
ConservCuration,1
HalesDanielle13,1
Purge1994,1
LiberalCuration,1
MBT_2014,1
Brandons_Dead,1
somereedforlife,1
chintanv_vora,1
lizy340,1
bgiambroni,1
MSkelskey,1
SKrogfoss,1
ryanzbartlett,1
SueHunt12345,1
NabeelSalihMD,1
mndbodysprt,1
VladianaP,1
JoePacheco12,1
rios_gilmore,1
mdtucker120,1
TamaraZayas1,1
hazzeleyes12001,1
Nancy_Marin1,1
roobeeyo,1
luckymcgeegee,1
allen_nanci,1
StryderSR,1
SoCalConserv16,1
AustinRayParson,1
CaptureTheSky82,1
_aks5,1
DeplorableCath,1
BunkerBlast,1
gbky1,1
lezlie_9198,1
JimBurdinMD,1
cmrose999,1
WolfensPride,1
cindyjcamp,1
michelleaukamp,1
vikingmom7,1
MannieMforever,1
BProhodski,1
GeorgeMee,1
FlailingWildly4,1
dmc21217,1
VALASTA,1
ReussMichele,1
whoisjohngalt21,1
Ragnar_Rex,1
RealScottErnst,1
Lola4Trump,1
sobieski83,1
jacey_yorke,1
joannemills8101,1
arealpalhacito,1
eyeluv2laff,1
davhalter,1
Niclogy,1
TomDeSena,1
truetoself50,1
ClickyBuzz,1
BeyondBelief12,1
woitekj,1
vivienhernandez,1
KarenGisclair,1
ClabornJay,1
elsaoden,1
NeonVoxel,1
Britt_kayleen,1
Jacob9240,1
CarolChupp,1
HelpUsChangeUSA,1
RachelT80457384,1
HashTagJesus_1,1
4realPolitic,1
Freesia2731,1
MariEastman,1
laurape00486139,1
seulgorgeous,1
yoimtew501,1
BoyettMadison,1
MorganWright89,1
affixthecreator,1
francesme,1
denisewaters20,1
notabaseball,1
homagetoamerica,1
pamjms,1
drwhyer,1
usim76367,1
GREGORYAPPEL1,1
HannahMaureen9,1
joannele2001,1
DavidDCarpenter,1
rebelfever2,1
Ellenmarie_1,1
Conspiracysk,1
joycekevon,1
budthespuddy,1
rahowa2316,1
MargaretMcgui16,1
lestherneck001,1
raul291968,1
xnx_lee,1
fadboo,1
josephtpomar,1
tammywalt61,1
usago520,1
wendy2016888,1
14gunrites,1
Quentin_li16,1
hewitt_teddy,1
natpe92,1
HarveyStaub1,1
Earthrain34,1
vindian9,1
cary_thurm,1
EdTarzanaCoin,1
RiddlewpmSheri,1
lijiayaya,1
DaisyJi29277157,1
rhbaseball15,1
TtobyPamela,1
Murphy931339211,1
deannaclane,1
dkdorman,1
RKrsacarey,1
turopo99,1
momma_dukesss,1
matt41075,1
terrydvl,1
MisterBobCat,1
imax111,1
cnoss53,1
bhinesmartin,1
drozment,1
OblvionOmega,1
paisleybelle92,1
akokeng83,1
WCarnivores,1
SpornakDorothy,1
Beverly04990771,1
MikeMisera,1
tooley393,1
Constituonalist,1
youzer,1
belranta,1
BlackMambizzle,1
haibarr,1
soldier_nchrist,1
NYY001,1
glomad2771,1
mayurpatel1661,1
rick_kradel,1
carolinapetes,1
loriann2639,1
kuhlblue,1
BassAckwardsUSA,1
dekingc32,1
TravelsSilver,1
FBCookie,1
edpascoemiami,1
AeroGirl832,1
Zoefull,1
sonysarker,1
prisplay5,1
PlainOldMatthew,1
fahrodej5567,1
missysunshinefl,1
alt_centrist,1
knowledge1X1,1
mvkinney,1
PaytonTrish,1
VikkiMorgz,1
oc_tel,1
eracle4,1
RobertD89815787,1
ChangeUniversal,1
RJMA03,1
lferreira12,1
wwjdeux,1
Hitlary4Prison,1
AjscarolaJared,1
PMgeezer,1
Stella78765322,1
jigga__please,1
teeniepen,1
LouisC_Lopez,1
art888777,1
labour_zone,1
AhouaouMustapha,1
Eve_Talling,1
EnerziKo,1
WadNEne,1
BobbieBuchanan1,1
brianed4,1
OhioRod,1
adrianabanana13,1
plumbcat,1
crazydudestore,1
robertoc33,1
MarkBusching,1
CizocDref,1
Cin_Reds_Fan,1
Epic_Phiter,1
contests2016,1
Chaseberry_10,1
jkkohio,1
tyler_perry,1
LuckBeALady777,1
vegamip,1
MartyBechtold,1
xblChew,1
Jbut7206,1
wvuspencer_,1
Heckmam_14,1
lovetowinstuff,1
massiou1981,1
llegopapaoaphim,1
sarah_boykin,1
fococlone,1
datdudejdub2018,1
PaulCaudill2A,1
Jackson_W7,1
shamelesslams,1
EzUrbanLogic,1
OfficialYMF,1
ShannaEatBanana,1
Trich1228,1
thelostangel35,1
JeanneBourgault,1
MobiusMalik,1
themandaweir,1
shlbywt,1
jorgenunez,1
shangrila002,1
Kathy555Kathy,1
andy27986728,1
tanhaoChicago,1
Q1ller,1
KarenLConnell,1
socal1397,1
traci_maslanka,1
nelsondiazmoch,1
zainsuleman1128,1
tyvickie22,1
AbdullahSaleeem,1
ac12_0307,1
BenLondon44,1
ivangutie,1
paulinaap98,1
katsclaryfray,1
ecampo12,1
htx_angelina,1
blessfuljdb,1
TimGodsey7,1
carlo_ivan22,1
AnaisLeskovar,1
zaxhaiqal,1
s_dneyd,1
SoDamnTruueee,1
AstralisGHG,1
Thomas_Ermisch,1
exoticniko00,1
Wendytjehhh,1
faustschlaq,1
marlonduckd,1
gilspauline,1
triestmari,1
bauer_mika,1
BKaterbau,1
Fernand47059842,1
ConnorFairclou4,1
gabepro19,1
MotivateGG,1
WWELiveComment,1
EnzymeCustom,1
MysticDapper,1
hadrothefirst,1
black_ohi,1
_Nastia_B,1
Yeongilife,1
E_Torres97,1
voiletsareblue,1
minnies_bakery,1
Jen_N_Russ,1
FootBallAtic13,1
JunaidSegun2,1
CoghillKacey,1
metropolis2,1
drakeadmin,1
darrell_dls,1
woodstock_dave,1
J_e_r_e_m_y_V,1
liamT625,1
pyckynn,1
EdithConkey,1
chucknelson1969,1
lancasterwhims,1
vesterrrr,1
elaine_lazenby,1
NLTCNY,1
VintechG,1
donnalea1788,1
KroekerTony,1
edinatoz,1
JamesGreenBayWI,1
Wondering_Muse,1
NBCNightlyLies,1
myworkshop,1
ArlTratlo,1
WashAmeriCom,1
alcarlos13,1
solmartpropert1,1
m_frushour,1
CHRISTINA2A12,1
beldandolo,1
LyleVernon,1
stivbator1,1
andrewmpro,1
ailuy7,1
djcoryminto,1
tansenryua,1
TorchPelletier,1
davideades11n,1
DesdeFlorida,1
JRknickolas,1
odumechbueze1,1
evollonian,1
missme61510256,1
The_Rambling1,1
SELLA1CRACK,1
saveusrepublic2,1
charlottewiggs,1
lifestrials2,1
dayna__bennett,1
alwaystimothy,1
larrydye1952,1
celetinoha,1
fat_joe92,1
Excal_Gray,1
michele_keiffer,1
DougWallysboy,1
tina_starley,1
Ironstar_K5,1
uncleSaul1,1
conny204,1
MUNNAUNICORN,1
JosephwLucas80,1
rjimenez3940,1
5ikyu,1
DavidCConca,1
arirangxx,1
PatrickOstler,1
NurseOnThis,1
corwindesheim,1
HoraceMaye,1
BlessingOkpiri,1
uwais_baba,1
rabbi_tech,1
pedroma2712,1
LukeSlade2,1
GNdubisi,1
ParadoxClan001_,1
cbguy1100,1
FREE_THE_UK,1
Rixon_tk,1
mikon751,1
KingsleyAnah,1
MarshalPhipps,1
LakewoodTR,1
ObinnaIbeawuch1,1
HugaDream,1
JohnGaston21,1
bentimonsen,1
TheTwixtr,1
OwnOrFall,1
B_Green159,1
Persie__van,1
bego__02,1
KanadeForTruth,1
J9001776,1
barbhowehom,1
gobully,1
mzarqsa,1
dodchi99,1
619Wrestling,1
smbizshout,1
CelticCross52,1
boboafat,1
RobertDagley,1
WWmorgan42,1
SweetKolanut,1
Eltempest,1
RealMarySKelley,1
sunnydream22,1
benklong061077,1
IfunnyDrafted,1
rockabillense,1
rbutler0519,1
ThomasB257,1
DearestTitan,1
piratataragna,1
SaudiChrstian93,1
Cain_de_Madrid,1
Janice43551,1
McCoygb,1
WenwenXue,1
SeanPor78114915,1
AustinDavon1,1
cunningtom,1
janesmith57529,1
rickde,1
junipersage1,1
GideonSword7,1
_raja_babu,1
LifeLibHappy,1
FabricePhilipp,1
completeinthree,1
ZIPPY4451,1
Too_hyphe4U,1
bostonoz,1
Apple_Xenon,1
gavinmmarino,1
Portland1975,1
visionvue,1
mints1944,1
shaashtanga,1
IowaforHuckabee,1
blakelzr,1
BroodingPelican,1
gccq,1
imalilr,1
Wes_Kirkpatrick,1
sparklesgayrap,1
nvolino,1
Lamar_DavisFTW,1
jdplankton,1
PooberKitty,1
lenifillekes,1
louissaidmeow,1
matthugrantham,1
nellsstar,1
EwnaVilae,1
kathyJezek,1
ashely_nunley,1
mitacrazy,1
luke_hair17,1
LindaGarriss,1
amancango,1
ConradDrez,1
jimmyCallahan7,1
GovnForThePpl,1
carly_y,1
OrcunKipcak,1
Ananqmq,1
Recep_Avc0,1
StephenIvy3,1
alexgentry2001,1
vwk7,1
alphacreature1,1
MESTHATADE,1
kshw5678,1
jimmy_1722,1
umehizuh73,1
Obumvictor1,1
darrelralph_DDR,1
walterlopes2008,1
GetEverheal,1
jackbald,1
Adabiafra55,1
Postcodephoto,1
vjVisionQuest,1
jonthenbrown,1
stephan96391239,1
Geminii2k,1
orbit_inertia,1
Jadyyy99,1
nwobinonso,1
Boom_Cheung,1
feedchick,1
stephen_ragan11,1
420amcoffee,1
caseysbell,1
obi1chiboy,1
AllAmerican1126,1
deplorablejason,1
trixidoodlexx,1
ColtonBieker082,1
ggaby591,1
SamuelNnaji9,1
Jake_Pidcock,1
KomeitLL,1
irene_sybil,1
jessievickery86,1
jacklebg69,1
banks_joel,1
pucksup,1
TeddyTwitts71,1
Adross31,1
JParnell31,1
gelliott200311,1
Wade_Matthews,1
eojracs,1
Kallllleee,1
deeEgyptianmusk,1
jparker1256,1
meactor1,1
alexis_fowler34,1
mexicomining,1
andrester111,1
Dax_A_Lish,1
KatherineHepke,1
BraylanChumbley,1
CGummifera,1
DoreenRossetto,1
SkippyManuel,1
ImRand__,1
Drifterzach01,1
Connor_Green16,1
blurrrr_,1
gezeitengang,1
ValPacker,1
kle81156,1
Farmeropinion,1
padma_voice,1
ArHu3,1
lepeuplededroit,1
savieze,1
Ashutoshn11,1
HirayYashwant,1
Conserva1Desoto,1
Veerkumar6717,1
dwmarkmartin,1
NelsonWoldsen,1
SuverenTommy,1
jhsalley,1
PixelDust2,1
jeff_wise,1
ElisabeMath,1
P4SP,1
TheDrod214,1
meltedmarbles,1
rachelkingmakeu,1
BillGraff,1
roqchrisy,1
IwanowDavid,1
nj_aspen,1
leigh_smeby,1
DuceSebastian,1
Metalworks4,1
faktotum69,1
LKirup,1
JohnHall75,1
BodyWithStrongM,1
LRbullies,1
wutever26,1
SurrattPenny,1
bhayes2016,1
IsabeljangelesJ,1
Nelope_Cup,1
realtortto,1
insidemarkets,1
nautica902,1
chrisrouthieaux,1
tradethecycles,1
SVcaVet,1
raynesw,1
AZ49ersfan,1
szucrm,1
jdmarie1,1
Bdmogul83,1
USATopGuns,1
CreedRoc,1
BruceGreenwell8,1
fjski3,1
Leckielaaadeeda,1
smithalamd,1
saskamare,1
evapmhsobia,1
tamishaandrieu1,1
delia_lashawnda,1
pezoneneqxu,1
hendin_necole,1
grossdavis5761,1
leannaangel700,1
lorejordan1321,1
SashaAkiyama,1
marandaschneid5,1
Kalyvas2582,1
SteinkampLura,1
kenamullins3481,1
ashelymontaigu1,1
kasimoody2806,1
GhosnCarline,1
venettastartt21,1
roberto_trudie,1
priscillastar18,1
lesleecoquard22,1
SapiroAnnamaria,1
MechemAubrey,1
carlotta_hooper,1
joannabeard359,1
YenYenward1269,1
Hero_Gwen,1
zaidi24ujkor,1
WendySchmaus,1
tosha170qp,1
sendraedle,1
donovan_yolande,1
blausey1gw,1
jolenemurphy301,1
CourtneyLofnger,1
nedohzn,1
Most2hip,1
eclectelectric,1
401_9163,1
ElectionCarl,1
Livnltlv,1
edtop654,1
ncsavdunk,1
deplorable_0,1
Ugly_Skull,1
BurnalSanders,1
BN_Politik,1
AcroAman,1
FredBarfield,1
joettajc68,1
Myszty2k,1
thidatun60,1
kaleb_keeton,1
sibylfirst,1
nananw,1
colavs2184,1
redladywalkon,1
mary44614,1
stern_oskar,1
TaylanSteiner,1
subhash77niul,1
page_kimiko,1
Lawtronmatt,1
BezemerS,1
I_am_B,1
UtfordringCOM,1
Debhneal,1
Margare04323327,1
bar_ba_papa,1
JimmysModel3,1
jnikas1_joanne,1
marc_angel1,1
TimPoplawski,1
Gary6318,1
Bicohornet,1
Kamcg13,1
Cultureifyer,1
Penniwise796,1
tissueseller,1
krissynjohn,1
Medya126,1
crzydug,1
miraclegers,1
Soganoff,1
chopanini,1
MDavidMorris2,1
SwaneyKathy,1
jumpjet52,1
GrudenPolitics,1
DennisKulpa,1
smedlleybutler,1
