created_at,id,retweeted_status.created_at,retweeted_status.id,retweeted_status.retweet_count,retweeted_status.user.followers_count,retweeted_status.user.id,text,user.followers_count,user.friends_count,user.id,user.screen_name
Tue Nov 08 17:25:27 +0000 2016,796040952553099266,Tue Nov 08 17:25:09 +0000 2016,796040875335790592,4,274133,20098015,RT @davidschneider: Trump forced to keep his eye on his wife while voting. #ElectionDay https://t.co/drMcRo2pdV,69,302,21596831,clarey56
Tue Nov 08 17:25:47 +0000 2016,796041036820791296,Tue Nov 08 17:25:09 +0000 2016,796040875335790592,10,274133,20098015,RT @davidschneider: Trump forced to keep his eye on his wife while voting. #ElectionDay https://t.co/drMcRo2pdV,339,254,274607266,vlcurrie
Tue Nov 08 17:25:54 +0000 2016,796041063995764736,Tue Nov 08 17:25:09 +0000 2016,796040875335790592,13,274133,20098015,RT @davidschneider: Trump forced to keep his eye on his wife while voting. #ElectionDay https://t.co/drMcRo2pdV,25,33,4863315076,labour_west
Tue Nov 08 17:26:03 +0000 2016,796041104890077184,Tue Nov 08 17:25:09 +0000 2016,796040875335790592,16,274132,20098015,RT @davidschneider: Trump forced to keep his eye on his wife while voting. #ElectionDay https://t.co/drMcRo2pdV,1549,4921,250882048,chelsadler
Tue Nov 08 17:26:13 +0000 2016,796041146732527616,Tue Nov 08 17:25:09 +0000 2016,796040875335790592,19,274133,20098015,RT @davidschneider: Trump forced to keep his eye on his wife while voting. #ElectionDay https://t.co/drMcRo2pdV,307,581,264146026,martinatwo
Tue Nov 08 17:26:19 +0000 2016,796041169159548928,Tue Nov 08 17:25:09 +0000 2016,796040875335790592,21,274133,20098015,RT @davidschneider: Trump forced to keep his eye on his wife while voting. #ElectionDay https://t.co/drMcRo2pdV,2129,1193,815894881,ac_seventhree
Tue Nov 08 17:26:30 +0000 2016,796041217838612481,Tue Nov 08 17:25:09 +0000 2016,796040875335790592,22,274133,20098015,RT @davidschneider: Trump forced to keep his eye on his wife while voting. #ElectionDay https://t.co/drMcRo2pdV,513,1050,835653654,Ecky_Thump_TV
Tue Nov 08 17:26:39 +0000 2016,796041256006717440,Tue Nov 08 17:25:09 +0000 2016,796040875335790592,24,274133,20098015,RT @davidschneider: Trump forced to keep his eye on his wife while voting. #ElectionDay https://t.co/drMcRo2pdV,98,380,22058614,G_in_London
Tue Nov 08 17:26:44 +0000 2016,796041276814663681,Tue Nov 08 17:25:09 +0000 2016,796040875335790592,25,274133,20098015,RT @davidschneider: Trump forced to keep his eye on his wife while voting. #ElectionDay https://t.co/drMcRo2pdV,41,161,264516381,mazzashrew
Tue Nov 08 17:27:10 +0000 2016,796041386076368896,Tue Nov 08 17:25:09 +0000 2016,796040875335790592,30,274132,20098015,RT @davidschneider: Trump forced to keep his eye on his wife while voting. #ElectionDay https://t.co/drMcRo2pdV,100,339,66174381,davidmeek1975
Tue Nov 08 17:27:18 +0000 2016,796041418884136961,Tue Nov 08 17:25:09 +0000 2016,796040875335790592,32,274132,20098015,RT @davidschneider: Trump forced to keep his eye on his wife while voting. #ElectionDay https://t.co/drMcRo2pdV,29177,1199,32439211,LucyMPowell
Tue Nov 08 17:27:19 +0000 2016,796041420670910467,Tue Nov 08 17:25:09 +0000 2016,796040875335790592,33,274132,20098015,RT @davidschneider: Trump forced to keep his eye on his wife while voting. #ElectionDay https://t.co/drMcRo2pdV,84,201,794141743017054208,labour_zone
Tue Nov 08 17:27:19 +0000 2016,796041424370335744,Tue Nov 08 17:25:09 +0000 2016,796040875335790592,34,274132,20098015,RT @davidschneider: Trump forced to keep his eye on his wife while voting. #ElectionDay https://t.co/drMcRo2pdV,154,197,264876655,kevindonnelly95
Tue Nov 08 17:27:23 +0000 2016,796041440564494336,Tue Nov 08 17:25:09 +0000 2016,796040875335790592,35,274132,20098015,RT @davidschneider: Trump forced to keep his eye on his wife while voting. #ElectionDay https://t.co/drMcRo2pdV,387,725,135507108,JSilk
Tue Nov 08 17:27:32 +0000 2016,796041478434852864,Tue Nov 08 17:25:09 +0000 2016,796040875335790592,38,274132,20098015,RT @davidschneider: Trump forced to keep his eye on his wife while voting. #ElectionDay https://t.co/drMcRo2pdV,323,707,2384946479,KellyMae36
Tue Nov 08 17:27:35 +0000 2016,796041490543865856,Tue Nov 08 17:25:09 +0000 2016,796040875335790592,40,274132,20098015,RT @davidschneider: Trump forced to keep his eye on his wife while voting. #ElectionDay https://t.co/drMcRo2pdV,153,704,64039903,RichardC_Chi
Tue Nov 08 17:27:55 +0000 2016,796041574094348289,Tue Nov 08 17:25:09 +0000 2016,796040875335790592,43,274132,20098015,RT @davidschneider: Trump forced to keep his eye on his wife while voting. #ElectionDay https://t.co/drMcRo2pdV,4056,4950,180714761,redstrots
Tue Nov 08 17:28:08 +0000 2016,796041628435828736,Tue Nov 08 17:25:09 +0000 2016,796040875335790592,47,274132,20098015,RT @davidschneider: Trump forced to keep his eye on his wife while voting. #ElectionDay https://t.co/drMcRo2pdV,214,620,82322851,HelenCallis
Tue Nov 08 17:28:10 +0000 2016,796041638221119488,Tue Nov 08 17:25:09 +0000 2016,796040875335790592,48,274132,20098015,RT @davidschneider: Trump forced to keep his eye on his wife while voting. #ElectionDay https://t.co/drMcRo2pdV,61,181,768391265260019712,CAFCUAMN74T
Tue Nov 08 17:28:12 +0000 2016,796041645154246656,Tue Nov 08 17:25:09 +0000 2016,796040875335790592,49,274132,20098015,RT @davidschneider: Trump forced to keep his eye on his wife while voting. #ElectionDay https://t.co/drMcRo2pdV,514,439,29887058,fizz239
Tue Nov 08 17:28:13 +0000 2016,796041649759600640,Tue Nov 08 17:25:09 +0000 2016,796040875335790592,50,274132,20098015,RT @davidschneider: Trump forced to keep his eye on his wife while voting. #ElectionDay https://t.co/drMcRo2pdV,376,1041,3448725855,JRogan3000
Tue Nov 08 17:28:30 +0000 2016,796041721440309248,Tue Nov 08 17:25:09 +0000 2016,796040875335790592,55,274132,20098015,RT @davidschneider: Trump forced to keep his eye on his wife while voting. #ElectionDay https://t.co/drMcRo2pdV,361,335,2952956050,ines_adeogun
Tue Nov 08 17:28:48 +0000 2016,796041797600415744,Tue Nov 08 17:25:09 +0000 2016,796040875335790592,58,274132,20098015,RT @davidschneider: Trump forced to keep his eye on his wife while voting. #ElectionDay https://t.co/drMcRo2pdV,1696,1207,18027532,PaulHutchinson
Tue Nov 08 17:28:56 +0000 2016,796041827543552000,Tue Nov 08 17:25:09 +0000 2016,796040875335790592,62,274132,20098015,RT @davidschneider: Trump forced to keep his eye on his wife while voting. #ElectionDay https://t.co/drMcRo2pdV,1190,2636,339691960,IngridBlanchett
Tue Nov 08 17:28:58 +0000 2016,796041838843035649,Tue Nov 08 17:25:09 +0000 2016,796040875335790592,63,274132,20098015,RT @davidschneider: Trump forced to keep his eye on his wife while voting. #ElectionDay https://t.co/drMcRo2pdV,125,374,525114965,HellieDuPreez
Tue Nov 08 17:29:14 +0000 2016,796041905465413632,Tue Nov 08 17:25:09 +0000 2016,796040875335790592,67,274132,20098015,RT @davidschneider: Trump forced to keep his eye on his wife while voting. #ElectionDay https://t.co/drMcRo2pdV,18667,624,241056520,USUncut
Tue Nov 08 17:29:24 +0000 2016,796041948645695489,Tue Nov 08 17:25:09 +0000 2016,796040875335790592,71,274133,20098015,RT @davidschneider: Trump forced to keep his eye on his wife while voting. #ElectionDay https://t.co/drMcRo2pdV,80,168,3361601357,skylarelindley
Tue Nov 08 17:29:32 +0000 2016,796041981579395072,Tue Nov 08 17:25:09 +0000 2016,796040875335790592,76,274133,20098015,RT @davidschneider: Trump forced to keep his eye on his wife while voting. #ElectionDay https://t.co/drMcRo2pdV,192,398,1658948718,pattybravosa
Tue Nov 08 17:29:32 +0000 2016,796041982179151874,Tue Nov 08 17:25:09 +0000 2016,796040875335790592,77,274133,20098015,RT @davidschneider: Trump forced to keep his eye on his wife while voting. #ElectionDay https://t.co/drMcRo2pdV,47,59,782050627350396928,BattleLord17
Tue Nov 08 17:29:51 +0000 2016,796042061216550912,Tue Nov 08 17:25:09 +0000 2016,796040875335790592,81,274132,20098015,RT @davidschneider: Trump forced to keep his eye on his wife while voting. #ElectionDay https://t.co/drMcRo2pdV,3939,4176,770443669,GusMartinezG
Tue Nov 08 17:29:52 +0000 2016,796042065520066564,Tue Nov 08 17:25:09 +0000 2016,796040875335790592,82,274133,20098015,RT @davidschneider: Trump forced to keep his eye on his wife while voting. #ElectionDay https://t.co/drMcRo2pdV,32,90,2883907143,RHHassall
Tue Nov 08 17:29:55 +0000 2016,796042074860597248,Tue Nov 08 17:25:09 +0000 2016,796040875335790592,83,274132,20098015,RT @davidschneider: Trump forced to keep his eye on his wife while voting. #ElectionDay https://t.co/drMcRo2pdV,3996,4103,283712963,emma10gtz
Tue Nov 08 17:30:19 +0000 2016,796042175381258240,Tue Nov 08 17:25:09 +0000 2016,796040875335790592,90,274132,20098015,RT @davidschneider: Trump forced to keep his eye on his wife while voting. #ElectionDay https://t.co/drMcRo2pdV,96,390,32813301,Smwallace06
Tue Nov 08 17:30:24 +0000 2016,796042200211537920,Tue Nov 08 17:25:09 +0000 2016,796040875335790592,92,274132,20098015,RT @davidschneider: Trump forced to keep his eye on his wife while voting. #ElectionDay https://t.co/drMcRo2pdV,568,100,626853517,MercedesKills
Tue Nov 08 17:30:25 +0000 2016,796042201029611520,Tue Nov 08 17:25:09 +0000 2016,796040875335790592,93,274133,20098015,RT @davidschneider: Trump forced to keep his eye on his wife while voting. #ElectionDay https://t.co/drMcRo2pdV,314,892,625641182,Mrs_jenx
Tue Nov 08 17:30:28 +0000 2016,796042216259063808,Tue Nov 08 17:25:09 +0000 2016,796040875335790592,95,274133,20098015,RT @davidschneider: Trump forced to keep his eye on his wife while voting. #ElectionDay https://t.co/drMcRo2pdV,254,613,528087595,ConchurMcCauley
Tue Nov 08 17:30:41 +0000 2016,796042268306243588,Tue Nov 08 17:25:09 +0000 2016,796040875335790592,99,274133,20098015,RT @davidschneider: Trump forced to keep his eye on his wife while voting. #ElectionDay https://t.co/drMcRo2pdV,661,353,1452842384,davelawson35
Tue Nov 08 17:30:45 +0000 2016,796042284596916227,Tue Nov 08 17:25:09 +0000 2016,796040875335790592,101,274134,20098015,RT @davidschneider: Trump forced to keep his eye on his wife while voting. #ElectionDay https://t.co/drMcRo2pdV,239,421,149117133,docdenbow
Tue Nov 08 17:30:53 +0000 2016,796042317933072385,Tue Nov 08 17:25:09 +0000 2016,796040875335790592,103,274133,20098015,RT @davidschneider: Trump forced to keep his eye on his wife while voting. #ElectionDay https://t.co/drMcRo2pdV,302,286,1602169652,kingjosuethe1st
Tue Nov 08 17:30:53 +0000 2016,796042320680550400,Tue Nov 08 17:25:09 +0000 2016,796040875335790592,104,274134,20098015,RT @davidschneider: Trump forced to keep his eye on his wife while voting. #ElectionDay https://t.co/drMcRo2pdV,20,281,2310263592,sophierobson24
Tue Nov 08 17:31:11 +0000 2016,796042397402755072,Tue Nov 08 17:25:09 +0000 2016,796040875335790592,106,274134,20098015,RT @davidschneider: Trump forced to keep his eye on his wife while voting. #ElectionDay https://t.co/drMcRo2pdV,15052,125,749597161,FVKME
Tue Nov 08 17:31:19 +0000 2016,796042431007518721,Tue Nov 08 17:25:09 +0000 2016,796040875335790592,110,274134,20098015,RT @davidschneider: Trump forced to keep his eye on his wife while voting. #ElectionDay https://t.co/drMcRo2pdV,1363,2975,238242935,ShafLdn
Tue Nov 08 17:31:30 +0000 2016,796042473185353728,Tue Nov 08 17:25:09 +0000 2016,796040875335790592,113,274134,20098015,RT @davidschneider: Trump forced to keep his eye on his wife while voting. #ElectionDay https://t.co/drMcRo2pdV,2053,4959,1112305380,ChinaGregory
Tue Nov 08 17:31:44 +0000 2016,796042532782297088,Tue Nov 08 17:25:09 +0000 2016,796040875335790592,118,274134,20098015,RT @davidschneider: Trump forced to keep his eye on his wife while voting. #ElectionDay https://t.co/drMcRo2pdV,457,1148,20318742,stoneyrocks
Tue Nov 08 17:31:53 +0000 2016,796042570153545728,Tue Nov 08 17:25:09 +0000 2016,796040875335790592,119,274134,20098015,RT @davidschneider: Trump forced to keep his eye on his wife while voting. #ElectionDay https://t.co/drMcRo2pdV,1033,309,510724232,jblvndino
Tue Nov 08 17:31:55 +0000 2016,796042581293535232,Tue Nov 08 17:25:09 +0000 2016,796040875335790592,120,274133,20098015,RT @davidschneider: Trump forced to keep his eye on his wife while voting. #ElectionDay https://t.co/drMcRo2pdV,499,1116,2203251790,Photogenic8
Tue Nov 08 17:32:05 +0000 2016,796042620854210560,Tue Nov 08 17:25:09 +0000 2016,796040875335790592,123,274133,20098015,RT @davidschneider: Trump forced to keep his eye on his wife while voting. #ElectionDay https://t.co/drMcRo2pdV,142,796,2216634459,thatresolves
Tue Nov 08 17:32:15 +0000 2016,796042665737322498,Tue Nov 08 17:25:09 +0000 2016,796040875335790592,126,274132,20098015,RT @davidschneider: Trump forced to keep his eye on his wife while voting. #ElectionDay https://t.co/drMcRo2pdV,154,696,256669564,oederoliva
Tue Nov 08 17:32:23 +0000 2016,796042698373419008,Tue Nov 08 17:25:09 +0000 2016,796040875335790592,128,274134,20098015,RT @davidschneider: Trump forced to keep his eye on his wife while voting. #ElectionDay https://t.co/drMcRo2pdV,879,856,85912626,micmicmic1
Tue Nov 08 17:32:30 +0000 2016,796042728643633153,Tue Nov 08 17:25:09 +0000 2016,796040875335790592,129,274134,20098015,RT @davidschneider: Trump forced to keep his eye on his wife while voting. #ElectionDay https://t.co/drMcRo2pdV,110,424,754069979218124800,clampdownunit
Tue Nov 08 17:32:34 +0000 2016,796042744510775300,Tue Nov 08 17:25:09 +0000 2016,796040875335790592,130,274134,20098015,RT @davidschneider: Trump forced to keep his eye on his wife while voting. #ElectionDay https://t.co/drMcRo2pdV,498,223,450981233,garie_marie
Tue Nov 08 17:32:50 +0000 2016,796042809476313089,Tue Nov 08 17:25:09 +0000 2016,796040875335790592,134,274134,20098015,RT @davidschneider: Trump forced to keep his eye on his wife while voting. #ElectionDay https://t.co/drMcRo2pdV,348,610,2315004928,SenGoku_Varsus
Tue Nov 08 17:32:56 +0000 2016,796042837858996228,Tue Nov 08 17:25:09 +0000 2016,796040875335790592,135,274133,20098015,RT @davidschneider: Trump forced to keep his eye on his wife while voting. #ElectionDay https://t.co/drMcRo2pdV,4237,3291,78109894,Luna_may
Tue Nov 08 17:32:59 +0000 2016,796042850156810240,Tue Nov 08 17:25:09 +0000 2016,796040875335790592,136,274134,20098015,RT @davidschneider: Trump forced to keep his eye on his wife while voting. #ElectionDay https://t.co/drMcRo2pdV,449,639,16686493,HydroCheetah
Tue Nov 08 17:33:03 +0000 2016,796042867177295872,Tue Nov 08 17:25:09 +0000 2016,796040875335790592,138,274134,20098015,RT @davidschneider: Trump forced to keep his eye on his wife while voting. #ElectionDay https://t.co/drMcRo2pdV,8276,180,85364226,UnlikelyWorlds
Tue Nov 08 17:33:22 +0000 2016,796042945711345665,Tue Nov 08 17:25:09 +0000 2016,796040875335790592,140,274133,20098015,RT @davidschneider: Trump forced to keep his eye on his wife while voting. #ElectionDay https://t.co/drMcRo2pdV,515,303,969458816,jerryhomskeeze
Tue Nov 08 17:33:47 +0000 2016,796043050824978432,Tue Nov 08 17:25:09 +0000 2016,796040875335790592,147,274134,20098015,RT @davidschneider: Trump forced to keep his eye on his wife while voting. #ElectionDay https://t.co/drMcRo2pdV,7176,4712,2191277311,BanjoHfuhruhur
Tue Nov 08 17:33:50 +0000 2016,796043060555743232,Tue Nov 08 17:25:09 +0000 2016,796040875335790592,148,274134,20098015,RT @davidschneider: Trump forced to keep his eye on his wife while voting. #ElectionDay https://t.co/drMcRo2pdV,50,173,45328521,geekzter
Tue Nov 08 17:34:07 +0000 2016,796043133666689025,Tue Nov 08 17:25:09 +0000 2016,796040875335790592,150,274134,20098015,RT @davidschneider: Trump forced to keep his eye on his wife while voting. #ElectionDay https://t.co/drMcRo2pdV,274,176,162057814,__ilsa__
Tue Nov 08 17:34:22 +0000 2016,796043197633937408,Tue Nov 08 17:25:09 +0000 2016,796040875335790592,152,274134,20098015,RT @davidschneider: Trump forced to keep his eye on his wife while voting. #ElectionDay https://t.co/drMcRo2pdV,72,354,723086295950606336,hannibaal12
Tue Nov 08 17:34:25 +0000 2016,796043208979546112,Tue Nov 08 17:25:09 +0000 2016,796040875335790592,153,274134,20098015,RT @davidschneider: Trump forced to keep his eye on his wife while voting. #ElectionDay https://t.co/drMcRo2pdV,174,1978,3438941865,KhadijahMalik7
Tue Nov 08 17:34:28 +0000 2016,796043223588225025,Tue Nov 08 17:25:09 +0000 2016,796040875335790592,154,274133,20098015,RT @davidschneider: Trump forced to keep his eye on his wife while voting. #ElectionDay https://t.co/drMcRo2pdV,5370,5820,488578718,tomservo10
Tue Nov 08 17:34:58 +0000 2016,796043348003979264,Tue Nov 08 17:25:09 +0000 2016,796040875335790592,161,274135,20098015,RT @davidschneider: Trump forced to keep his eye on his wife while voting. #ElectionDay https://t.co/drMcRo2pdV,14,77,782034169685643264,franiceledonf
Tue Nov 08 17:36:02 +0000 2016,796043615395049478,Tue Nov 08 17:25:09 +0000 2016,796040875335790592,172,274135,20098015,RT @davidschneider: Trump forced to keep his eye on his wife while voting. #ElectionDay https://t.co/drMcRo2pdV,63,29,728890301516005377,SusanGLH
Tue Nov 08 17:36:38 +0000 2016,796043769053376512,Tue Nov 08 17:25:09 +0000 2016,796040875335790592,176,274136,20098015,RT @davidschneider: Trump forced to keep his eye on his wife while voting. #ElectionDay https://t.co/drMcRo2pdV,203,135,2893309727,hapspop
Tue Nov 08 17:36:50 +0000 2016,796043818722279424,Tue Nov 08 17:25:09 +0000 2016,796040875335790592,177,274136,20098015,RT @davidschneider: Trump forced to keep his eye on his wife while voting. #ElectionDay https://t.co/drMcRo2pdV,143,261,402222951,paulmcmullin1
Tue Nov 08 17:37:11 +0000 2016,796043906127462402,Tue Nov 08 17:25:09 +0000 2016,796040875335790592,180,274136,20098015,RT @davidschneider: Trump forced to keep his eye on his wife while voting. #ElectionDay https://t.co/drMcRo2pdV,9931,2636,583842500,erikooh
Tue Nov 08 17:37:27 +0000 2016,796043970723753984,Tue Nov 08 17:25:09 +0000 2016,796040875335790592,184,274135,20098015,RT @davidschneider: Trump forced to keep his eye on his wife while voting. #ElectionDay https://t.co/drMcRo2pdV,539,632,43918584,ellagreeneyes
Tue Nov 08 17:37:39 +0000 2016,796044023735545856,Tue Nov 08 17:25:09 +0000 2016,796040875335790592,187,274135,20098015,RT @davidschneider: Trump forced to keep his eye on his wife while voting. #ElectionDay https://t.co/drMcRo2pdV,789,217,332610905,uhhlawndra
Tue Nov 08 17:37:41 +0000 2016,796044032489164800,Tue Nov 08 17:25:09 +0000 2016,796040875335790592,188,274136,20098015,RT @davidschneider: Trump forced to keep his eye on his wife while voting. #ElectionDay https://t.co/drMcRo2pdV,592,911,599391473,lastbabymensa
Tue Nov 08 17:38:08 +0000 2016,796044146121330691,Tue Nov 08 17:25:09 +0000 2016,796040875335790592,193,274136,20098015,RT @davidschneider: Trump forced to keep his eye on his wife while voting. #ElectionDay https://t.co/drMcRo2pdV,128,460,3271652756,jedisuckerpunch
Tue Nov 08 17:38:11 +0000 2016,796044159119486976,Tue Nov 08 17:25:09 +0000 2016,796040875335790592,195,274136,20098015,RT @davidschneider: Trump forced to keep his eye on his wife while voting. #ElectionDay https://t.co/drMcRo2pdV,814,715,21196406,FordieC
Tue Nov 08 17:38:17 +0000 2016,796044183244935168,Tue Nov 08 17:25:09 +0000 2016,796040875335790592,199,274135,20098015,RT @davidschneider: Trump forced to keep his eye on his wife while voting. #ElectionDay https://t.co/drMcRo2pdV,301,1648,2520839886,MacbethSC
Tue Nov 08 17:38:17 +0000 2016,796044183760998400,Tue Nov 08 17:25:09 +0000 2016,796040875335790592,199,274136,20098015,RT @davidschneider: Trump forced to keep his eye on his wife while voting. #ElectionDay https://t.co/drMcRo2pdV,2483,367,27047513,MsDafneRuiz
Tue Nov 08 17:38:26 +0000 2016,796044220528283653,Tue Nov 08 17:25:09 +0000 2016,796040875335790592,204,274136,20098015,RT @davidschneider: Trump forced to keep his eye on his wife while voting. #ElectionDay https://t.co/drMcRo2pdV,472,567,88295144,Foonerisms
Tue Nov 08 17:38:26 +0000 2016,796044221685891073,Tue Nov 08 17:25:09 +0000 2016,796040875335790592,205,274136,20098015,RT @davidschneider: Trump forced to keep his eye on his wife while voting. #ElectionDay https://t.co/drMcRo2pdV,42,231,4469130521,AhouaouMustapha
Tue Nov 08 17:38:27 +0000 2016,796044226291085312,Tue Nov 08 17:25:09 +0000 2016,796040875335790592,206,274135,20098015,RT @davidschneider: Trump forced to keep his eye on his wife while voting. #ElectionDay https://t.co/drMcRo2pdV,65,526,2555557735,greyc23
Tue Nov 08 17:38:36 +0000 2016,796044263209439232,Tue Nov 08 17:25:09 +0000 2016,796040875335790592,207,274136,20098015,RT @davidschneider: Trump forced to keep his eye on his wife while voting. #ElectionDay https://t.co/drMcRo2pdV,170,283,358885008,Domicima
Tue Nov 08 17:38:51 +0000 2016,796044323326464000,Tue Nov 08 17:25:09 +0000 2016,796040875335790592,209,274136,20098015,RT @davidschneider: Trump forced to keep his eye on his wife while voting. #ElectionDay https://t.co/drMcRo2pdV,13,135,721022813667254272,Kreyks1
Tue Nov 08 17:38:56 +0000 2016,796044347015827458,Tue Nov 08 17:25:09 +0000 2016,796040875335790592,213,274136,20098015,RT @davidschneider: Trump forced to keep his eye on his wife while voting. #ElectionDay https://t.co/drMcRo2pdV,10,41,4668749417,LouisiaVdb
Tue Nov 08 17:38:58 +0000 2016,796044355249336320,Tue Nov 08 17:25:09 +0000 2016,796040875335790592,214,274136,20098015,RT @davidschneider: Trump forced to keep his eye on his wife while voting. #ElectionDay https://t.co/drMcRo2pdV,45,154,15189135,danw1979
Tue Nov 08 17:39:03 +0000 2016,796044376430485504,Tue Nov 08 17:25:09 +0000 2016,796040875335790592,216,274137,20098015,RT @davidschneider: Trump forced to keep his eye on his wife while voting. #ElectionDay https://t.co/drMcRo2pdV,13367,6111,67874759,UnofficialBill
Tue Nov 08 17:39:03 +0000 2016,796044376430485504,Tue Nov 08 17:25:09 +0000 2016,796040875335790592,216,274137,20098015,RT @davidschneider: Trump forced to keep his eye on his wife while voting. #ElectionDay https://t.co/drMcRo2pdV,13367,6111,67874759,UnofficialBill
Tue Nov 08 17:39:07 +0000 2016,796044392805072898,Tue Nov 08 17:25:09 +0000 2016,796040875335790592,216,274137,20098015,RT @davidschneider: Trump forced to keep his eye on his wife while voting. #ElectionDay https://t.co/drMcRo2pdV,39,103,778901958379892737,CharlieAHolt
Tue Nov 08 17:39:14 +0000 2016,796044422685270016,Tue Nov 08 17:25:09 +0000 2016,796040875335790592,218,274137,20098015,RT @davidschneider: Trump forced to keep his eye on his wife while voting. #ElectionDay https://t.co/drMcRo2pdV,179,698,288665033,ve278
Tue Nov 08 17:39:21 +0000 2016,796044452204843009,Tue Nov 08 17:25:09 +0000 2016,796040875335790592,219,274137,20098015,RT @davidschneider: Trump forced to keep his eye on his wife while voting. #ElectionDay https://t.co/drMcRo2pdV,73,745,180520420,Tim_Kowal
Tue Nov 08 17:39:22 +0000 2016,796044455585476608,Tue Nov 08 17:25:09 +0000 2016,796040875335790592,220,274137,20098015,RT @davidschneider: Trump forced to keep his eye on his wife while voting. #ElectionDay https://t.co/drMcRo2pdV,10960,2170,335294799,MtuPombe
Tue Nov 08 17:39:40 +0000 2016,796044531603034113,Tue Nov 08 17:25:09 +0000 2016,796040875335790592,222,274138,20098015,RT @davidschneider: Trump forced to keep his eye on his wife while voting. #ElectionDay https://t.co/drMcRo2pdV,238,339,417392294,Dackelman
Tue Nov 08 17:39:43 +0000 2016,796044544961867777,Tue Nov 08 17:25:09 +0000 2016,796040875335790592,223,274138,20098015,RT @davidschneider: Trump forced to keep his eye on his wife while voting. #ElectionDay https://t.co/drMcRo2pdV,499,2333,33841854,mae69mae
Tue Nov 08 17:39:59 +0000 2016,796044611680661505,Tue Nov 08 17:25:09 +0000 2016,796040875335790592,230,274138,20098015,RT @davidschneider: Trump forced to keep his eye on his wife while voting. #ElectionDay https://t.co/drMcRo2pdV,39,103,1250154734,Eve_Talling
Tue Nov 08 17:40:08 +0000 2016,796044649110577152,Tue Nov 08 17:25:09 +0000 2016,796040875335790592,232,274138,20098015,RT @davidschneider: Trump forced to keep his eye on his wife while voting. #ElectionDay https://t.co/drMcRo2pdV,465,556,744872442,MrSimoon
Tue Nov 08 17:40:12 +0000 2016,796044665640329218,Tue Nov 08 17:25:09 +0000 2016,796040875335790592,234,274138,20098015,RT @davidschneider: Trump forced to keep his eye on his wife while voting. #ElectionDay https://t.co/drMcRo2pdV,755,529,282694262,daisthehale
Tue Nov 08 17:40:32 +0000 2016,796044749983666176,Tue Nov 08 17:25:09 +0000 2016,796040875335790592,241,274138,20098015,RT @davidschneider: Trump forced to keep his eye on his wife while voting. #ElectionDay https://t.co/drMcRo2pdV,6741,746,6914452,yokoaoki
Tue Nov 08 17:40:34 +0000 2016,796044758674063360,Tue Nov 08 17:25:09 +0000 2016,796040875335790592,242,274137,20098015,RT @davidschneider: Trump forced to keep his eye on his wife while voting. #ElectionDay https://t.co/drMcRo2pdV,267,328,2833588657,Nave_the_Brave
Tue Nov 08 17:40:36 +0000 2016,796044767012470784,Tue Nov 08 17:25:09 +0000 2016,796040875335790592,243,274138,20098015,RT @davidschneider: Trump forced to keep his eye on his wife while voting. #ElectionDay https://t.co/drMcRo2pdV,473,691,557516228,SleepyVole
Tue Nov 08 17:40:39 +0000 2016,796044778135842816,Tue Nov 08 17:25:09 +0000 2016,796040875335790592,244,274138,20098015,RT @davidschneider: Trump forced to keep his eye on his wife while voting. #ElectionDay https://t.co/drMcRo2pdV,3276,3297,295790580,AllanSkerratt
Tue Nov 08 17:40:46 +0000 2016,796044805545594881,Tue Nov 08 17:25:09 +0000 2016,796040875335790592,246,274138,20098015,RT @davidschneider: Trump forced to keep his eye on his wife while voting. #ElectionDay https://t.co/drMcRo2pdV,1088,835,128181922,IamJaffery
Tue Nov 08 17:40:46 +0000 2016,796044805713313792,Tue Nov 08 17:25:09 +0000 2016,796040875335790592,246,274138,20098015,RT @davidschneider: Trump forced to keep his eye on his wife while voting. #ElectionDay https://t.co/drMcRo2pdV,12553,748,304342273,anxabb
Tue Nov 08 17:40:50 +0000 2016,796044825208487940,Tue Nov 08 17:25:09 +0000 2016,796040875335790592,251,274138,20098015,RT @davidschneider: Trump forced to keep his eye on his wife while voting. #ElectionDay https://t.co/drMcRo2pdV,392,568,25235817,fournierwire
Tue Nov 08 17:40:54 +0000 2016,796044841700433921,Tue Nov 08 17:25:09 +0000 2016,796040875335790592,255,274138,20098015,RT @davidschneider: Trump forced to keep his eye on his wife while voting. #ElectionDay https://t.co/drMcRo2pdV,1444,2578,3352369852,JoshFuller999
Tue Nov 08 17:40:54 +0000 2016,796044841218084865,Tue Nov 08 17:25:09 +0000 2016,796040875335790592,255,274138,20098015,RT @davidschneider: Trump forced to keep his eye on his wife while voting. #ElectionDay https://t.co/drMcRo2pdV,849,2465,3421697099,TrumpsterTrash
Tue Nov 08 17:41:06 +0000 2016,796044892208103424,Tue Nov 08 17:25:09 +0000 2016,796040875335790592,257,274137,20098015,RT @davidschneider: Trump forced to keep his eye on his wife while voting. #ElectionDay https://t.co/drMcRo2pdV,80,62,3709187240,zombiewizard45
Tue Nov 08 17:41:20 +0000 2016,796044948080463873,Tue Nov 08 17:25:09 +0000 2016,796040875335790592,260,274137,20098015,RT @davidschneider: Trump forced to keep his eye on his wife while voting. #ElectionDay https://t.co/drMcRo2pdV,16,87,247058983,savethemouse
Tue Nov 08 17:41:20 +0000 2016,796044951180062720,Tue Nov 08 17:25:09 +0000 2016,796040875335790592,262,274137,20098015,RT @davidschneider: Trump forced to keep his eye on his wife while voting. #ElectionDay https://t.co/drMcRo2pdV,143,638,27798713,davidaflowers
Tue Nov 08 17:41:31 +0000 2016,796044997745377283,Tue Nov 08 17:25:09 +0000 2016,796040875335790592,266,274138,20098015,RT @davidschneider: Trump forced to keep his eye on his wife while voting. #ElectionDay https://t.co/drMcRo2pdV,1514,1213,1683378176,DarlingtonFrim
Tue Nov 08 17:41:36 +0000 2016,796045014962991104,Tue Nov 08 17:25:09 +0000 2016,796040875335790592,268,274138,20098015,RT @davidschneider: Trump forced to keep his eye on his wife while voting. #ElectionDay https://t.co/drMcRo2pdV,557,1622,282654434,Nerf_Mittens
Tue Nov 08 17:41:36 +0000 2016,796045018062458880,Tue Nov 08 17:25:09 +0000 2016,796040875335790592,269,274137,20098015,RT @davidschneider: Trump forced to keep his eye on his wife while voting. #ElectionDay https://t.co/drMcRo2pdV,170,415,376621492,KyleSiler
Tue Nov 08 17:41:42 +0000 2016,796045043320688640,Tue Nov 08 17:25:09 +0000 2016,796040875335790592,273,274138,20098015,RT @davidschneider: Trump forced to keep his eye on his wife while voting. #ElectionDay https://t.co/drMcRo2pdV,589,335,842055066,paulin_peter
Tue Nov 08 17:42:14 +0000 2016,796045177227984896,Tue Nov 08 17:25:09 +0000 2016,796040875335790592,280,274138,20098015,RT @davidschneider: Trump forced to keep his eye on his wife while voting. #ElectionDay https://t.co/drMcRo2pdV,761,767,1886333310,Outoftweet123
Tue Nov 08 17:42:15 +0000 2016,796045182286385152,Tue Nov 08 17:25:09 +0000 2016,796040875335790592,281,274138,20098015,RT @davidschneider: Trump forced to keep his eye on his wife while voting. #ElectionDay https://t.co/drMcRo2pdV,408,48,274860049,AbubakarTweets
Tue Nov 08 17:42:30 +0000 2016,796045244533981184,Tue Nov 08 17:25:09 +0000 2016,796040875335790592,286,274140,20098015,RT @davidschneider: Trump forced to keep his eye on his wife while voting. #ElectionDay https://t.co/drMcRo2pdV,159,276,2739503955,draognsweg
Tue Nov 08 17:43:39 +0000 2016,796045533462822912,Tue Nov 08 17:25:09 +0000 2016,796040875335790592,293,274140,20098015,RT @davidschneider: Trump forced to keep his eye on his wife while voting. #ElectionDay https://t.co/drMcRo2pdV,721,1277,21078033,didimae
Tue Nov 08 17:44:13 +0000 2016,796045676945797120,Tue Nov 08 17:25:09 +0000 2016,796040875335790592,297,274140,20098015,RT @davidschneider: Trump forced to keep his eye on his wife while voting. #ElectionDay https://t.co/drMcRo2pdV,192,359,451029728,AndreiBoariu
Tue Nov 08 17:44:01 +0000 2016,796045624416333824,Tue Nov 08 17:25:09 +0000 2016,796040875335790592,294,274140,20098015,RT @davidschneider: Trump forced to keep his eye on his wife while voting. #ElectionDay https://t.co/drMcRo2pdV,354,238,945004682,fuckusnep
Tue Nov 08 17:44:18 +0000 2016,796045697783070720,Tue Nov 08 17:25:09 +0000 2016,796040875335790592,299,274140,20098015,RT @davidschneider: Trump forced to keep his eye on his wife while voting. #ElectionDay https://t.co/drMcRo2pdV,951,1653,621128071,gilbutrono
Tue Nov 08 17:44:28 +0000 2016,796045738425942016,Tue Nov 08 17:25:09 +0000 2016,796040875335790592,302,274140,20098015,RT @davidschneider: Trump forced to keep his eye on his wife while voting. #ElectionDay https://t.co/drMcRo2pdV,74,52,2296305029,MaevaCanto
Tue Nov 08 17:44:47 +0000 2016,796045819803791360,Tue Nov 08 17:25:09 +0000 2016,796040875335790592,305,274140,20098015,RT @davidschneider: Trump forced to keep his eye on his wife while voting. #ElectionDay https://t.co/drMcRo2pdV,2919,4785,2902675450,BenDeetoy
Tue Nov 08 17:45:30 +0000 2016,796045999865217024,Tue Nov 08 17:25:09 +0000 2016,796040875335790592,315,274140,20098015,RT @davidschneider: Trump forced to keep his eye on his wife while voting. #ElectionDay https://t.co/drMcRo2pdV,287,282,338099920,Sha_Elise24
Tue Nov 08 17:45:30 +0000 2016,796045999299067908,Tue Nov 08 17:25:09 +0000 2016,796040875335790592,314,274140,20098015,RT @davidschneider: Trump forced to keep his eye on his wife while voting. #ElectionDay https://t.co/drMcRo2pdV,840,902,139696120,supervillian95
Tue Nov 08 17:45:36 +0000 2016,796046024645152768,Tue Nov 08 17:25:09 +0000 2016,796040875335790592,318,274140,20098015,RT @davidschneider: Trump forced to keep his eye on his wife while voting. #ElectionDay https://t.co/drMcRo2pdV,226,239,27362037,Gisane_Araujo
Tue Nov 08 17:46:11 +0000 2016,796046168589500416,Tue Nov 08 17:25:09 +0000 2016,796040875335790592,328,274140,20098015,RT @davidschneider: Trump forced to keep his eye on his wife while voting. #ElectionDay https://t.co/drMcRo2pdV,16,102,4750841656,mcornielle28
Tue Nov 08 17:46:25 +0000 2016,796046230283550720,Tue Nov 08 17:25:09 +0000 2016,796040875335790592,332,274140,20098015,RT @davidschneider: Trump forced to keep his eye on his wife while voting. #ElectionDay https://t.co/drMcRo2pdV,728,588,184899810,_MideG
Tue Nov 08 17:46:28 +0000 2016,796046242551885824,Tue Nov 08 17:25:09 +0000 2016,796040875335790592,333,274140,20098015,RT @davidschneider: Trump forced to keep his eye on his wife while voting. #ElectionDay https://t.co/drMcRo2pdV,163,443,20235864,MyraPark01
Tue Nov 08 17:46:39 +0000 2016,796046288575983617,Tue Nov 08 17:25:09 +0000 2016,796040875335790592,335,274140,20098015,RT @davidschneider: Trump forced to keep his eye on his wife while voting. #ElectionDay https://t.co/drMcRo2pdV,823,1565,145702276,Larasss09
Tue Nov 08 17:46:46 +0000 2016,796046317801836544,Tue Nov 08 17:25:09 +0000 2016,796040875335790592,338,274140,20098015,RT @davidschneider: Trump forced to keep his eye on his wife while voting. #ElectionDay https://t.co/drMcRo2pdV,258,245,378163625,NastyWomanHonda
Tue Nov 08 17:46:49 +0000 2016,796046330409926657,Tue Nov 08 17:25:09 +0000 2016,796040875335790592,339,274140,20098015,RT @davidschneider: Trump forced to keep his eye on his wife while voting. #ElectionDay https://t.co/drMcRo2pdV,399,369,630397390,JMe1905
Tue Nov 08 17:46:55 +0000 2016,796046355659685888,Tue Nov 08 17:25:09 +0000 2016,796040875335790592,340,274140,20098015,RT @davidschneider: Trump forced to keep his eye on his wife while voting. #ElectionDay https://t.co/drMcRo2pdV,4277,1043,1367260729,DerExperte007
Tue Nov 08 17:46:56 +0000 2016,796046360818647041,Tue Nov 08 17:25:09 +0000 2016,796040875335790592,341,274140,20098015,RT @davidschneider: Trump forced to keep his eye on his wife while voting. #ElectionDay https://t.co/drMcRo2pdV,101995,17295,3093328661,YoungTameeka
Tue Nov 08 17:46:57 +0000 2016,796046362831945728,Tue Nov 08 17:25:09 +0000 2016,796040875335790592,342,274140,20098015,RT @davidschneider: Trump forced to keep his eye on his wife while voting. #ElectionDay https://t.co/drMcRo2pdV,94,473,94645465,landrypg
Tue Nov 08 17:47:37 +0000 2016,796046529031274496,Tue Nov 08 17:25:09 +0000 2016,796040875335790592,349,274140,20098015,RT @davidschneider: Trump forced to keep his eye on his wife while voting. #ElectionDay https://t.co/drMcRo2pdV,1770,1098,2324094126,WayUpJazii
Tue Nov 08 17:47:59 +0000 2016,796046624518651904,Tue Nov 08 17:25:09 +0000 2016,796040875335790592,354,274139,20098015,RT @davidschneider: Trump forced to keep his eye on his wife while voting. #ElectionDay https://t.co/drMcRo2pdV,25,89,2922566935,TruthsOftoday
Tue Nov 08 17:48:02 +0000 2016,796046634614394880,Tue Nov 08 17:25:09 +0000 2016,796040875335790592,355,274140,20098015,RT @davidschneider: Trump forced to keep his eye on his wife while voting. #ElectionDay https://t.co/drMcRo2pdV,1204,1740,3898486877,officialFINking
Tue Nov 08 17:48:20 +0000 2016,796046711969943552,Tue Nov 08 17:25:09 +0000 2016,796040875335790592,358,274140,20098015,RT @davidschneider: Trump forced to keep his eye on his wife while voting. #ElectionDay https://t.co/drMcRo2pdV,407,557,190301962,HBarnes444
Tue Nov 08 17:48:43 +0000 2016,796046809227493376,Tue Nov 08 17:25:09 +0000 2016,796040875335790592,363,274140,20098015,RT @davidschneider: Trump forced to keep his eye on his wife while voting. #ElectionDay https://t.co/drMcRo2pdV,85,147,252797555,marthaMcwykes
Tue Nov 08 17:49:12 +0000 2016,796046928249229312,Tue Nov 08 17:25:09 +0000 2016,796040875335790592,371,274140,20098015,RT @davidschneider: Trump forced to keep his eye on his wife while voting. #ElectionDay https://t.co/drMcRo2pdV,493,729,3115924437,revdkath
Tue Nov 08 17:49:23 +0000 2016,796046976479621125,Tue Nov 08 17:25:09 +0000 2016,796040875335790592,373,274140,20098015,RT @davidschneider: Trump forced to keep his eye on his wife while voting. #ElectionDay https://t.co/drMcRo2pdV,51,55,616265884,johnlbellblog
Tue Nov 08 17:49:23 +0000 2016,796046976882245632,Tue Nov 08 17:25:09 +0000 2016,796040875335790592,374,274140,20098015,RT @davidschneider: Trump forced to keep his eye on his wife while voting. #ElectionDay https://t.co/drMcRo2pdV,111,43,730604493382025216,akuz007
Tue Nov 08 17:49:39 +0000 2016,796047043672309760,Tue Nov 08 17:25:09 +0000 2016,796040875335790592,374,274140,20098015,RT @davidschneider: Trump forced to keep his eye on his wife while voting. #ElectionDay https://t.co/drMcRo2pdV,1631,790,43165477,Owenonymous
Tue Nov 08 17:49:39 +0000 2016,796047043903025152,Tue Nov 08 17:25:09 +0000 2016,796040875335790592,374,274140,20098015,RT @davidschneider: Trump forced to keep his eye on his wife while voting. #ElectionDay https://t.co/drMcRo2pdV,419,621,154888382,BURIMRVDONI
Tue Nov 08 17:49:40 +0000 2016,796047045379309569,Tue Nov 08 17:25:09 +0000 2016,796040875335790592,376,274139,20098015,RT @davidschneider: Trump forced to keep his eye on his wife while voting. #ElectionDay https://t.co/drMcRo2pdV,4415,170,1027478486,bungeebieber
Tue Nov 08 17:49:59 +0000 2016,796047127386394628,Tue Nov 08 17:25:09 +0000 2016,796040875335790592,378,274140,20098015,RT @davidschneider: Trump forced to keep his eye on his wife while voting. #ElectionDay https://t.co/drMcRo2pdV,524,1356,2603345347,Alex_Tournie
Tue Nov 08 17:50:01 +0000 2016,796047136098058240,Tue Nov 08 17:25:09 +0000 2016,796040875335790592,379,274140,20098015,RT @davidschneider: Trump forced to keep his eye on his wife while voting. #ElectionDay https://t.co/drMcRo2pdV,469,114,1014053250,s_rici99
Tue Nov 08 17:51:09 +0000 2016,796047421931450372,Tue Nov 08 17:25:09 +0000 2016,796040875335790592,385,274140,20098015,RT @davidschneider: Trump forced to keep his eye on his wife while voting. #ElectionDay https://t.co/drMcRo2pdV,110,313,1574496889,GJoellui
Tue Nov 08 17:51:26 +0000 2016,796047490038411264,Tue Nov 08 17:25:09 +0000 2016,796040875335790592,387,274139,20098015,RT @davidschneider: Trump forced to keep his eye on his wife while voting. #ElectionDay https://t.co/drMcRo2pdV,210,688,2571324718,pinkstix
Tue Nov 08 17:51:27 +0000 2016,796047496959164417,Tue Nov 08 17:25:09 +0000 2016,796040875335790592,388,274140,20098015,RT @davidschneider: Trump forced to keep his eye on his wife while voting. #ElectionDay https://t.co/drMcRo2pdV,562,467,609057763,CarolineMurote
Tue Nov 08 17:51:32 +0000 2016,796047517280534528,Tue Nov 08 17:25:09 +0000 2016,796040875335790592,389,274140,20098015,RT @davidschneider: Trump forced to keep his eye on his wife while voting. #ElectionDay https://t.co/drMcRo2pdV,141,546,486522282,Birkybullufc
Tue Nov 08 17:51:47 +0000 2016,796047577779228672,Tue Nov 08 17:25:09 +0000 2016,796040875335790592,393,274140,20098015,RT @davidschneider: Trump forced to keep his eye on his wife while voting. #ElectionDay https://t.co/drMcRo2pdV,370,578,209988226,sohompramanick
Tue Nov 08 17:52:10 +0000 2016,796047677616259080,Tue Nov 08 17:25:09 +0000 2016,796040875335790592,395,274140,20098015,RT @davidschneider: Trump forced to keep his eye on his wife while voting. #ElectionDay https://t.co/drMcRo2pdV,284,68,705808642113675264,Allyaiono
Tue Nov 08 17:52:16 +0000 2016,796047701985071107,Tue Nov 08 17:25:09 +0000 2016,796040875335790592,397,274140,20098015,RT @davidschneider: Trump forced to keep his eye on his wife while voting. #ElectionDay https://t.co/drMcRo2pdV,131,365,3083728852,frieda_strachan
Tue Nov 08 17:52:20 +0000 2016,796047719844483073,Tue Nov 08 17:25:09 +0000 2016,796040875335790592,399,274140,20098015,RT @davidschneider: Trump forced to keep his eye on his wife while voting. #ElectionDay https://t.co/drMcRo2pdV,411,750,4277581883,motheradamplay
Tue Nov 08 17:52:21 +0000 2016,796047722931437568,Tue Nov 08 17:25:09 +0000 2016,796040875335790592,401,274140,20098015,RT @davidschneider: Trump forced to keep his eye on his wife while voting. #ElectionDay https://t.co/drMcRo2pdV,215,224,19485809,PumpkinSpider
Tue Nov 08 17:52:42 +0000 2016,796047808482709504,Tue Nov 08 17:25:09 +0000 2016,796040875335790592,405,274140,20098015,RT @davidschneider: Trump forced to keep his eye on his wife while voting. #ElectionDay https://t.co/drMcRo2pdV,44,78,2885530568,SchenkJeanette
Tue Nov 08 17:52:55 +0000 2016,796047865680367616,Tue Nov 08 17:25:09 +0000 2016,796040875335790592,406,274140,20098015,RT @davidschneider: Trump forced to keep his eye on his wife while voting. #ElectionDay https://t.co/drMcRo2pdV,0,0,2385636054,KRobisonKCStar
Tue Nov 08 17:53:15 +0000 2016,796047950233436160,Tue Nov 08 17:25:09 +0000 2016,796040875335790592,411,274140,20098015,RT @davidschneider: Trump forced to keep his eye on his wife while voting. #ElectionDay https://t.co/drMcRo2pdV,169,65,100497481,Je_suis_Gemeaux
Tue Nov 08 17:53:17 +0000 2016,796047957896400896,Tue Nov 08 17:25:09 +0000 2016,796040875335790592,412,274140,20098015,RT @davidschneider: Trump forced to keep his eye on his wife while voting. #ElectionDay https://t.co/drMcRo2pdV,87,666,332734667,bartramsgob
Tue Nov 08 17:53:27 +0000 2016,796047999860404224,Tue Nov 08 17:25:09 +0000 2016,796040875335790592,415,274140,20098015,RT @davidschneider: Trump forced to keep his eye on his wife while voting. #ElectionDay https://t.co/drMcRo2pdV,178,315,42617461,jpjeffery
Tue Nov 08 17:54:21 +0000 2016,796048226583384065,Tue Nov 08 17:25:09 +0000 2016,796040875335790592,420,274139,20098015,RT @davidschneider: Trump forced to keep his eye on his wife while voting. #ElectionDay https://t.co/drMcRo2pdV,46,150,179121144,Ohana_8675
Tue Nov 08 17:54:23 +0000 2016,796048234481389570,Tue Nov 08 17:25:09 +0000 2016,796040875335790592,421,274140,20098015,RT @davidschneider: Trump forced to keep his eye on his wife while voting. #ElectionDay https://t.co/drMcRo2pdV,2,45,756577685678227456,Wiggins19Anne
Tue Nov 08 17:54:37 +0000 2016,796048294661255169,Tue Nov 08 17:25:09 +0000 2016,796040875335790592,422,274140,20098015,RT @davidschneider: Trump forced to keep his eye on his wife while voting. #ElectionDay https://t.co/drMcRo2pdV,59,113,515984346,ThoughtsbyGabe
Tue Nov 08 17:54:44 +0000 2016,796048323291598848,Tue Nov 08 17:25:09 +0000 2016,796040875335790592,425,274140,20098015,RT @davidschneider: Trump forced to keep his eye on his wife while voting. #ElectionDay https://t.co/drMcRo2pdV,601,311,2866046769,climpeter
Tue Nov 08 17:54:47 +0000 2016,796048335614443520,Tue Nov 08 17:25:09 +0000 2016,796040875335790592,426,274140,20098015,RT @davidschneider: Trump forced to keep his eye on his wife while voting. #ElectionDay https://t.co/drMcRo2pdV,327,575,100479245,Celia3D
Tue Nov 08 17:54:52 +0000 2016,796048356367880192,Tue Nov 08 17:25:09 +0000 2016,796040875335790592,428,274140,20098015,RT @davidschneider: Trump forced to keep his eye on his wife while voting. #ElectionDay https://t.co/drMcRo2pdV,233,168,31208257,aagerholm
Tue Nov 08 17:54:57 +0000 2016,796048377410633728,Tue Nov 08 17:25:09 +0000 2016,796040875335790592,430,274140,20098015,RT @davidschneider: Trump forced to keep his eye on his wife while voting. #ElectionDay https://t.co/drMcRo2pdV,603,894,97690519,stevejamesPCC
Tue Nov 08 17:55:13 +0000 2016,796048444737679360,Tue Nov 08 17:25:09 +0000 2016,796040875335790592,438,274140,20098015,RT @davidschneider: Trump forced to keep his eye on his wife while voting. #ElectionDay https://t.co/drMcRo2pdV,413,2382,4571048477,EnerziKo
Tue Nov 08 17:55:15 +0000 2016,796048452731961344,Tue Nov 08 17:25:09 +0000 2016,796040875335790592,439,274140,20098015,RT @davidschneider: Trump forced to keep his eye on his wife while voting. #ElectionDay https://t.co/drMcRo2pdV,216,963,269587592,Rocker0486
Tue Nov 08 17:55:34 +0000 2016,796048533568765957,Tue Nov 08 17:25:09 +0000 2016,796040875335790592,443,274141,20098015,RT @davidschneider: Trump forced to keep his eye on his wife while voting. #ElectionDay https://t.co/drMcRo2pdV,87,185,1058923856,Hull52Rich
Tue Nov 08 17:56:19 +0000 2016,796048722614517760,Tue Nov 08 17:25:09 +0000 2016,796040875335790592,448,274141,20098015,RT @davidschneider: Trump forced to keep his eye on his wife while voting. #ElectionDay https://t.co/drMcRo2pdV,83,180,431734083,raoulkielbasa
Tue Nov 08 17:57:20 +0000 2016,796048977082851328,Tue Nov 08 17:25:09 +0000 2016,796040875335790592,452,274141,20098015,RT @davidschneider: Trump forced to keep his eye on his wife while voting. #ElectionDay https://t.co/drMcRo2pdV,35,288,2875432903,habenmd
Tue Nov 08 17:57:40 +0000 2016,796049060910235648,Tue Nov 08 17:25:09 +0000 2016,796040875335790592,453,274141,20098015,RT @davidschneider: Trump forced to keep his eye on his wife while voting. #ElectionDay https://t.co/drMcRo2pdV,21,256,2192487127,WadNEne
Tue Nov 08 17:58:05 +0000 2016,796049165868363777,Tue Nov 08 17:25:09 +0000 2016,796040875335790592,456,274140,20098015,RT @davidschneider: Trump forced to keep his eye on his wife while voting. #ElectionDay https://t.co/drMcRo2pdV,215,309,512608908,88RaceWarrior
Tue Nov 08 17:58:33 +0000 2016,796049283434905600,Tue Nov 08 17:25:09 +0000 2016,796040875335790592,458,274141,20098015,RT @davidschneider: Trump forced to keep his eye on his wife while voting. #ElectionDay https://t.co/drMcRo2pdV,1834,2209,271916022,EbonyDawnMarsh
Tue Nov 08 17:59:08 +0000 2016,796049430696914945,Tue Nov 08 17:25:09 +0000 2016,796040875335790592,460,274141,20098015,RT @davidschneider: Trump forced to keep his eye on his wife while voting. #ElectionDay https://t.co/drMcRo2pdV,2131,2130,31694548,jmcefalas
Tue Nov 08 17:59:16 +0000 2016,796049463504728065,Tue Nov 08 17:25:09 +0000 2016,796040875335790592,461,274141,20098015,RT @davidschneider: Trump forced to keep his eye on his wife while voting. #ElectionDay https://t.co/drMcRo2pdV,1054,997,117853604,SophieBelll_
Tue Nov 08 17:59:23 +0000 2016,796049493934403584,Tue Nov 08 17:25:09 +0000 2016,796040875335790592,462,274141,20098015,RT @davidschneider: Trump forced to keep his eye on his wife while voting. #ElectionDay https://t.co/drMcRo2pdV,527,1863,100874201,Predaluck
Tue Nov 08 17:59:55 +0000 2016,796049624477892608,Tue Nov 08 17:25:09 +0000 2016,796040875335790592,464,274141,20098015,RT @davidschneider: Trump forced to keep his eye on his wife while voting. #ElectionDay https://t.co/drMcRo2pdV,621,1039,116357694,AcaciaJules
Tue Nov 08 18:00:39 +0000 2016,796049812638482432,Tue Nov 08 17:25:09 +0000 2016,796040875335790592,471,274141,20098015,RT @davidschneider: Trump forced to keep his eye on his wife while voting. #ElectionDay https://t.co/drMcRo2pdV,1493,1204,103231629,TheBegatron
Tue Nov 08 18:00:56 +0000 2016,796049880519151616,Tue Nov 08 17:25:09 +0000 2016,796040875335790592,473,274142,20098015,RT @davidschneider: Trump forced to keep his eye on his wife while voting. #ElectionDay https://t.co/drMcRo2pdV,344,532,19549420,ConorFurlong
Tue Nov 08 18:01:57 +0000 2016,796050140087939072,Tue Nov 08 17:25:09 +0000 2016,796040875335790592,474,274142,20098015,RT @davidschneider: Trump forced to keep his eye on his wife while voting. #ElectionDay https://t.co/drMcRo2pdV,42,74,17342039,sbayley
Tue Nov 08 18:02:36 +0000 2016,796050303065931776,Tue Nov 08 17:25:09 +0000 2016,796040875335790592,478,274142,20098015,RT @davidschneider: Trump forced to keep his eye on his wife while voting. #ElectionDay https://t.co/drMcRo2pdV,1878,1547,142588208,MisterBlok
Tue Nov 08 18:02:40 +0000 2016,796050319583100928,Tue Nov 08 17:25:09 +0000 2016,796040875335790592,479,274142,20098015,RT @davidschneider: Trump forced to keep his eye on his wife while voting. #ElectionDay https://t.co/drMcRo2pdV,22,104,168973518,Kriegar
Tue Nov 08 18:03:11 +0000 2016,796050449342271488,Tue Nov 08 17:25:09 +0000 2016,796040875335790592,483,274142,20098015,RT @davidschneider: Trump forced to keep his eye on his wife while voting. #ElectionDay https://t.co/drMcRo2pdV,208,203,3784966289,nla456
Tue Nov 08 18:03:49 +0000 2016,796050609719930882,Tue Nov 08 17:25:09 +0000 2016,796040875335790592,486,274142,20098015,RT @davidschneider: Trump forced to keep his eye on his wife while voting. #ElectionDay https://t.co/drMcRo2pdV,326,1265,2274150862,oracaires
Tue Nov 08 18:04:34 +0000 2016,796050797444419585,Tue Nov 08 17:25:09 +0000 2016,796040875335790592,491,274143,20098015,RT @davidschneider: Trump forced to keep his eye on his wife while voting. #ElectionDay https://t.co/drMcRo2pdV,265,782,587468720,JM2742
Tue Nov 08 18:05:19 +0000 2016,796050986393620481,Tue Nov 08 17:25:09 +0000 2016,796040875335790592,496,274142,20098015,RT @davidschneider: Trump forced to keep his eye on his wife while voting. #ElectionDay https://t.co/drMcRo2pdV,3631,3098,484072409,Cfc_Craig
Tue Nov 08 18:05:27 +0000 2016,796051016949104641,Tue Nov 08 17:25:09 +0000 2016,796040875335790592,498,274142,20098015,RT @davidschneider: Trump forced to keep his eye on his wife while voting. #ElectionDay https://t.co/drMcRo2pdV,178,1215,191765559,noddy2795
Tue Nov 08 18:05:35 +0000 2016,796051052038672384,Tue Nov 08 17:25:09 +0000 2016,796040875335790592,499,274142,20098015,RT @davidschneider: Trump forced to keep his eye on his wife while voting. #ElectionDay https://t.co/drMcRo2pdV,108,211,2289866576,SkittyBee
Tue Nov 08 18:05:37 +0000 2016,796051062495072261,Tue Nov 08 17:25:09 +0000 2016,796040875335790592,500,274142,20098015,RT @davidschneider: Trump forced to keep his eye on his wife while voting. #ElectionDay https://t.co/drMcRo2pdV,1196,1853,134125081,davrwu
Tue Nov 08 18:06:14 +0000 2016,796051217977774080,Tue Nov 08 17:25:09 +0000 2016,796040875335790592,504,274142,20098015,RT @davidschneider: Trump forced to keep his eye on his wife while voting. #ElectionDay https://t.co/drMcRo2pdV,713,417,107093942,dannisahamidi
Tue Nov 08 18:06:36 +0000 2016,796051309740912641,Tue Nov 08 17:25:09 +0000 2016,796040875335790592,506,274143,20098015,RT @davidschneider: Trump forced to keep his eye on his wife while voting. #ElectionDay https://t.co/drMcRo2pdV,223,1995,1216056817,dstarr484
Tue Nov 08 18:06:40 +0000 2016,796051325817593856,Tue Nov 08 17:25:09 +0000 2016,796040875335790592,507,274143,20098015,RT @davidschneider: Trump forced to keep his eye on his wife while voting. #ElectionDay https://t.co/drMcRo2pdV,40,77,21319325,Mosesbasket
Tue Nov 08 18:06:44 +0000 2016,796051342699692037,Tue Nov 08 17:25:09 +0000 2016,796040875335790592,508,274143,20098015,RT @davidschneider: Trump forced to keep his eye on his wife while voting. #ElectionDay https://t.co/drMcRo2pdV,561,354,426597468,KateES89
Tue Nov 08 18:07:06 +0000 2016,796051434089381888,Tue Nov 08 17:25:09 +0000 2016,796040875335790592,511,274143,20098015,RT @davidschneider: Trump forced to keep his eye on his wife while voting. #ElectionDay https://t.co/drMcRo2pdV,772,2199,1020957859,Lotsofluvlynae
Tue Nov 08 18:08:29 +0000 2016,796051783231696896,Tue Nov 08 17:25:09 +0000 2016,796040875335790592,516,274143,20098015,RT @davidschneider: Trump forced to keep his eye on his wife while voting. #ElectionDay https://t.co/drMcRo2pdV,329,597,299097674,IainMcdon
Tue Nov 08 18:09:10 +0000 2016,796051956091547648,Tue Nov 08 17:25:09 +0000 2016,796040875335790592,523,274143,20098015,RT @davidschneider: Trump forced to keep his eye on his wife while voting. #ElectionDay https://t.co/drMcRo2pdV,77,55,746254143472402432,AshXx_habiba
Tue Nov 08 18:09:15 +0000 2016,796051977084043266,Tue Nov 08 17:25:09 +0000 2016,796040875335790592,524,274143,20098015,RT @davidschneider: Trump forced to keep his eye on his wife while voting. #ElectionDay https://t.co/drMcRo2pdV,148,158,391995626,donadmclachlan
Tue Nov 08 18:09:41 +0000 2016,796052084848259072,Tue Nov 08 17:25:09 +0000 2016,796040875335790592,527,274143,20098015,RT @davidschneider: Trump forced to keep his eye on his wife while voting. #ElectionDay https://t.co/drMcRo2pdV,733,1951,139536047,arnoldlayne1882
Tue Nov 08 18:09:50 +0000 2016,796052123804897281,Tue Nov 08 17:25:09 +0000 2016,796040875335790592,530,274143,20098015,RT @davidschneider: Trump forced to keep his eye on his wife while voting. #ElectionDay https://t.co/drMcRo2pdV,204,210,752893266526347264,Shurretep
Tue Nov 08 18:10:20 +0000 2016,796052249244028928,Tue Nov 08 17:25:09 +0000 2016,796040875335790592,531,274143,20098015,RT @davidschneider: Trump forced to keep his eye on his wife while voting. #ElectionDay https://t.co/drMcRo2pdV,214,462,1013422328,FKhan145
Tue Nov 08 18:10:29 +0000 2016,796052287156260864,Tue Nov 08 17:25:09 +0000 2016,796040875335790592,533,274143,20098015,RT @davidschneider: Trump forced to keep his eye on his wife while voting. #ElectionDay https://t.co/drMcRo2pdV,19,134,2859153323,xprs1self
Tue Nov 08 18:10:59 +0000 2016,796052410221244416,Tue Nov 08 17:25:09 +0000 2016,796040875335790592,537,274143,20098015,RT @davidschneider: Trump forced to keep his eye on his wife while voting. #ElectionDay https://t.co/drMcRo2pdV,466,310,483399199,OhJust_Chris
Tue Nov 08 18:12:01 +0000 2016,796052672797249536,Tue Nov 08 17:25:09 +0000 2016,796040875335790592,541,274144,20098015,RT @davidschneider: Trump forced to keep his eye on his wife while voting. #ElectionDay https://t.co/drMcRo2pdV,1939,2690,108494073,1ideaatatime
Tue Nov 08 18:12:54 +0000 2016,796052894021718016,Tue Nov 08 17:25:09 +0000 2016,796040875335790592,544,274145,20098015,RT @davidschneider: Trump forced to keep his eye on his wife while voting. #ElectionDay https://t.co/drMcRo2pdV,3400,2597,854374392,archiemendez
Tue Nov 08 18:13:45 +0000 2016,796053109067890688,Tue Nov 08 17:25:09 +0000 2016,796040875335790592,550,274145,20098015,RT @davidschneider: Trump forced to keep his eye on his wife while voting. #ElectionDay https://t.co/drMcRo2pdV,454,381,992972808,AnnaMiddlemiss2
Tue Nov 08 18:14:03 +0000 2016,796053184968085504,Tue Nov 08 17:25:09 +0000 2016,796040875335790592,552,274145,20098015,RT @davidschneider: Trump forced to keep his eye on his wife while voting. #ElectionDay https://t.co/drMcRo2pdV,886,508,283109630,MasterNefezy
Tue Nov 08 18:14:15 +0000 2016,796053234796429312,Tue Nov 08 17:25:09 +0000 2016,796040875335790592,554,274145,20098015,RT @davidschneider: Trump forced to keep his eye on his wife while voting. #ElectionDay https://t.co/drMcRo2pdV,869,3487,2350648896,JulietMEvans
Tue Nov 08 18:14:46 +0000 2016,796053365511831552,Tue Nov 08 17:25:09 +0000 2016,796040875335790592,560,274145,20098015,RT @davidschneider: Trump forced to keep his eye on his wife while voting. #ElectionDay https://t.co/drMcRo2pdV,641,1354,98430185,kingdaved
Tue Nov 08 18:14:47 +0000 2016,796053369408331776,Tue Nov 08 17:25:09 +0000 2016,796040875335790592,561,274145,20098015,RT @davidschneider: Trump forced to keep his eye on his wife while voting. #ElectionDay https://t.co/drMcRo2pdV,45,114,2620941249,angief310
Tue Nov 08 18:14:58 +0000 2016,796053415457595396,Tue Nov 08 17:25:09 +0000 2016,796040875335790592,562,274146,20098015,RT @davidschneider: Trump forced to keep his eye on his wife while voting. #ElectionDay https://t.co/drMcRo2pdV,446,304,98718385,injiduducu
Tue Nov 08 18:16:17 +0000 2016,796053746946048001,Tue Nov 08 17:25:09 +0000 2016,796040875335790592,567,274148,20098015,RT @davidschneider: Trump forced to keep his eye on his wife while voting. #ElectionDay https://t.co/drMcRo2pdV,17,48,3305587480,FaradayForever
Tue Nov 08 18:16:18 +0000 2016,796053750670626816,Tue Nov 08 17:25:09 +0000 2016,796040875335790592,568,274148,20098015,RT @davidschneider: Trump forced to keep his eye on his wife while voting. #ElectionDay https://t.co/drMcRo2pdV,839,820,19590930,detemple
Tue Nov 08 18:17:16 +0000 2016,796053993432772612,Tue Nov 08 17:25:09 +0000 2016,796040875335790592,571,274148,20098015,RT @davidschneider: Trump forced to keep his eye on his wife while voting. #ElectionDay https://t.co/drMcRo2pdV,306,338,274494760,Larry_0va
Tue Nov 08 18:19:01 +0000 2016,796054434241478656,Tue Nov 08 17:25:09 +0000 2016,796040875335790592,575,274149,20098015,RT @davidschneider: Trump forced to keep his eye on his wife while voting. #ElectionDay https://t.co/drMcRo2pdV,684,564,3648992059,tkellyaddicted
Tue Nov 08 18:20:15 +0000 2016,796054744208908289,Tue Nov 08 17:25:09 +0000 2016,796040875335790592,581,274149,20098015,RT @davidschneider: Trump forced to keep his eye on his wife while voting. #ElectionDay https://t.co/drMcRo2pdV,139,517,19358253,philrs
Tue Nov 08 18:21:01 +0000 2016,796054938036174848,Tue Nov 08 17:25:09 +0000 2016,796040875335790592,582,274149,20098015,RT @davidschneider: Trump forced to keep his eye on his wife while voting. #ElectionDay https://t.co/drMcRo2pdV,894,872,483701025,littlerobbergrl
Tue Nov 08 18:22:16 +0000 2016,796055252315340800,Tue Nov 08 17:25:09 +0000 2016,796040875335790592,585,274149,20098015,RT @davidschneider: Trump forced to keep his eye on his wife while voting. #ElectionDay https://t.co/drMcRo2pdV,343,132,3181120275,RossKittens
Tue Nov 08 18:23:19 +0000 2016,796055516267081728,Tue Nov 08 17:25:09 +0000 2016,796040875335790592,588,274149,20098015,RT @davidschneider: Trump forced to keep his eye on his wife while voting. #ElectionDay https://t.co/drMcRo2pdV,1006,1221,21750761,BeamaBeorg
Tue Nov 08 18:23:51 +0000 2016,796055647800463360,Tue Nov 08 17:25:09 +0000 2016,796040875335790592,590,274149,20098015,RT @davidschneider: Trump forced to keep his eye on his wife while voting. #ElectionDay https://t.co/drMcRo2pdV,29,128,3308244371,Keep_It_Real_95
Tue Nov 08 18:23:53 +0000 2016,796055658927943681,Tue Nov 08 17:25:09 +0000 2016,796040875335790592,591,274149,20098015,RT @davidschneider: Trump forced to keep his eye on his wife while voting. #ElectionDay https://t.co/drMcRo2pdV,2012,613,844058359,JohnTwelvetrees
Tue Nov 08 18:26:26 +0000 2016,796056300107034625,Tue Nov 08 17:25:09 +0000 2016,796040875335790592,595,274151,20098015,RT @davidschneider: Trump forced to keep his eye on his wife while voting. #ElectionDay https://t.co/drMcRo2pdV,323,279,370340110,DrEmanuelBorges
Tue Nov 08 18:27:03 +0000 2016,796056455766044672,Tue Nov 08 17:25:09 +0000 2016,796040875335790592,596,274152,20098015,RT @davidschneider: Trump forced to keep his eye on his wife while voting. #ElectionDay https://t.co/drMcRo2pdV,1514,870,585681873,connorwebster98
Tue Nov 08 18:27:14 +0000 2016,796056501840396289,Tue Nov 08 17:25:09 +0000 2016,796040875335790592,598,274152,20098015,RT @davidschneider: Trump forced to keep his eye on his wife while voting. #ElectionDay https://t.co/drMcRo2pdV,218,552,2295246599,sarahadcock1979
Tue Nov 08 18:29:36 +0000 2016,796057097628712960,Tue Nov 08 17:25:09 +0000 2016,796040875335790592,603,274152,20098015,RT @davidschneider: Trump forced to keep his eye on his wife while voting. #ElectionDay https://t.co/drMcRo2pdV,544,94,4264297743,SandraDunn1955
Tue Nov 08 18:30:01 +0000 2016,796057200951259141,Tue Nov 08 17:25:09 +0000 2016,796040875335790592,605,274152,20098015,RT @davidschneider: Trump forced to keep his eye on his wife while voting. #ElectionDay https://t.co/drMcRo2pdV,124,187,946205616,FluerduJardin
Tue Nov 08 18:32:32 +0000 2016,796057835595501568,Tue Nov 08 17:25:09 +0000 2016,796040875335790592,608,274153,20098015,RT @davidschneider: Trump forced to keep his eye on his wife while voting. #ElectionDay https://t.co/drMcRo2pdV,553,1582,2982349433,neulandmama
Tue Nov 08 18:33:01 +0000 2016,796057957754699776,Tue Nov 08 17:25:09 +0000 2016,796040875335790592,609,274153,20098015,RT @davidschneider: Trump forced to keep his eye on his wife while voting. #ElectionDay https://t.co/drMcRo2pdV,511,431,162644466,SiJEN7
Tue Nov 08 18:33:24 +0000 2016,796058054072549376,Tue Nov 08 17:25:09 +0000 2016,796040875335790592,610,274152,20098015,RT @davidschneider: Trump forced to keep his eye on his wife while voting. #ElectionDay https://t.co/drMcRo2pdV,129,352,67543937,shabbirtipu
Tue Nov 08 18:34:23 +0000 2016,796058300823511040,Tue Nov 08 17:25:09 +0000 2016,796040875335790592,611,274153,20098015,RT @davidschneider: Trump forced to keep his eye on his wife while voting. #ElectionDay https://t.co/drMcRo2pdV,25,37,876206227,Olimayo
Tue Nov 08 18:34:38 +0000 2016,796058363582935040,Tue Nov 08 17:25:09 +0000 2016,796040875335790592,613,274153,20098015,RT @davidschneider: Trump forced to keep his eye on his wife while voting. #ElectionDay https://t.co/drMcRo2pdV,424,581,131160351,Mike_Kelly7
Tue Nov 08 18:35:48 +0000 2016,796058657901477888,Tue Nov 08 17:25:09 +0000 2016,796040875335790592,616,274153,20098015,RT @davidschneider: Trump forced to keep his eye on his wife while voting. #ElectionDay https://t.co/drMcRo2pdV,69,575,22266687,Miss_Nav_M
Tue Nov 08 18:35:52 +0000 2016,796058671868444673,Tue Nov 08 17:25:09 +0000 2016,796040875335790592,617,274153,20098015,RT @davidschneider: Trump forced to keep his eye on his wife while voting. #ElectionDay https://t.co/drMcRo2pdV,97,104,715815898582544384,Im_No_Troll42
Tue Nov 08 18:39:54 +0000 2016,796059689335263233,Tue Nov 08 17:25:09 +0000 2016,796040875335790592,622,274155,20098015,RT @davidschneider: Trump forced to keep his eye on his wife while voting. #ElectionDay https://t.co/drMcRo2pdV,91,582,242965083,rogerklingman
Tue Nov 08 18:39:59 +0000 2016,796059711212834820,Tue Nov 08 17:25:09 +0000 2016,796040875335790592,623,274155,20098015,RT @davidschneider: Trump forced to keep his eye on his wife while voting. #ElectionDay https://t.co/drMcRo2pdV,2197,1710,593741888,LizofMuesliHill
Tue Nov 08 18:40:05 +0000 2016,796059735216836612,Tue Nov 08 17:25:09 +0000 2016,796040875335790592,624,274155,20098015,RT @davidschneider: Trump forced to keep his eye on his wife while voting. #ElectionDay https://t.co/drMcRo2pdV,403,1163,4266970660,casualtyfan18
Tue Nov 08 18:41:19 +0000 2016,796060046383808512,Tue Nov 08 17:25:09 +0000 2016,796040875335790592,627,274155,20098015,RT @davidschneider: Trump forced to keep his eye on his wife while voting. #ElectionDay https://t.co/drMcRo2pdV,4795,1383,856330826,GKBhambra
Tue Nov 08 18:41:25 +0000 2016,796060071721582592,Tue Nov 08 17:25:09 +0000 2016,796040875335790592,628,274155,20098015,RT @davidschneider: Trump forced to keep his eye on his wife while voting. #ElectionDay https://t.co/drMcRo2pdV,2328,4089,2200188788,4_the_babies
Tue Nov 08 18:43:27 +0000 2016,796060582743068672,Tue Nov 08 17:25:09 +0000 2016,796040875335790592,633,274155,20098015,RT @davidschneider: Trump forced to keep his eye on his wife while voting. #ElectionDay https://t.co/drMcRo2pdV,3142,2340,722550085222035456,skepticsmash
Tue Nov 08 18:44:09 +0000 2016,796060759138537472,Tue Nov 08 17:25:09 +0000 2016,796040875335790592,634,274154,20098015,RT @davidschneider: Trump forced to keep his eye on his wife while voting. #ElectionDay https://t.co/drMcRo2pdV,1636,1481,3810715034,ShytLord
Tue Nov 08 18:44:54 +0000 2016,796060947756548096,Tue Nov 08 17:25:09 +0000 2016,796040875335790592,636,274155,20098015,RT @davidschneider: Trump forced to keep his eye on his wife while voting. #ElectionDay https://t.co/drMcRo2pdV,170,242,3349225325,DemiGecher
Tue Nov 08 18:46:12 +0000 2016,796061273066770432,Tue Nov 08 17:25:09 +0000 2016,796040875335790592,637,274155,20098015,RT @davidschneider: Trump forced to keep his eye on his wife while voting. #ElectionDay https://t.co/drMcRo2pdV,2996,1325,120072079,CHARLESINPARIS
Tue Nov 08 18:51:32 +0000 2016,796062617630482432,Tue Nov 08 17:25:09 +0000 2016,796040875335790592,652,274154,20098015,RT @davidschneider: Trump forced to keep his eye on his wife while voting. #ElectionDay https://t.co/drMcRo2pdV,344,882,3319287696,blustarnation
Tue Nov 08 18:53:16 +0000 2016,796063053913669633,Tue Nov 08 17:25:09 +0000 2016,796040875335790592,658,274154,20098015,RT @davidschneider: Trump forced to keep his eye on his wife while voting. #ElectionDay https://t.co/drMcRo2pdV,1177,3057,28547642,tonypickett
Tue Nov 08 18:54:46 +0000 2016,796063430566379520,Tue Nov 08 17:25:09 +0000 2016,796040875335790592,662,274154,20098015,RT @davidschneider: Trump forced to keep his eye on his wife while voting. #ElectionDay https://t.co/drMcRo2pdV,1164,465,303760206,DrMikeBDS
Tue Nov 08 18:56:58 +0000 2016,796063983920877569,Tue Nov 08 17:25:09 +0000 2016,796040875335790592,671,274155,20098015,RT @davidschneider: Trump forced to keep his eye on his wife while voting. #ElectionDay https://t.co/drMcRo2pdV,456,2377,45480752,yaekle
Tue Nov 08 18:57:04 +0000 2016,796064009686552577,Tue Nov 08 17:25:09 +0000 2016,796040875335790592,672,274155,20098015,RT @davidschneider: Trump forced to keep his eye on his wife while voting. #ElectionDay https://t.co/drMcRo2pdV,74,526,733834969844469760,snowbellmajor
Tue Nov 08 18:58:14 +0000 2016,796064303749206016,Tue Nov 08 17:25:09 +0000 2016,796040875335790592,676,274155,20098015,RT @davidschneider: Trump forced to keep his eye on his wife while voting. #ElectionDay https://t.co/drMcRo2pdV,15,75,2606243370,MiguelSFq1
Tue Nov 08 18:58:16 +0000 2016,796064311454138368,Tue Nov 08 17:25:09 +0000 2016,796040875335790592,677,274155,20098015,RT @davidschneider: Trump forced to keep his eye on his wife while voting. #ElectionDay https://t.co/drMcRo2pdV,745,2032,19965238,modes98
Tue Nov 08 19:00:15 +0000 2016,796064810785980417,Tue Nov 08 17:25:09 +0000 2016,796040875335790592,680,274157,20098015,RT @davidschneider: Trump forced to keep his eye on his wife while voting. #ElectionDay https://t.co/drMcRo2pdV,293,135,730379658311651330,bmjpm
Tue Nov 08 19:03:29 +0000 2016,796065624904462336,Tue Nov 08 17:25:09 +0000 2016,796040875335790592,688,274159,20098015,RT @davidschneider: Trump forced to keep his eye on his wife while voting. #ElectionDay https://t.co/drMcRo2pdV,1151,1315,130546435,JoRgEg69
Tue Nov 08 19:05:38 +0000 2016,796066166179500032,Tue Nov 08 17:25:09 +0000 2016,796040875335790592,694,274158,20098015,RT @davidschneider: Trump forced to keep his eye on his wife while voting. #ElectionDay https://t.co/drMcRo2pdV,109,108,2663894844,FanOGremlin
Tue Nov 08 19:06:49 +0000 2016,796066463878627328,Tue Nov 08 17:25:09 +0000 2016,796040875335790592,697,274158,20098015,RT @davidschneider: Trump forced to keep his eye on his wife while voting. #ElectionDay https://t.co/drMcRo2pdV,350,224,1194151381,Juukebox
Tue Nov 08 19:07:05 +0000 2016,796066530022850561,Tue Nov 08 17:25:09 +0000 2016,796040875335790592,698,274158,20098015,RT @davidschneider: Trump forced to keep his eye on his wife while voting. #ElectionDay https://t.co/drMcRo2pdV,274,300,61721278,ChaCommeUnChat
Tue Nov 08 19:07:10 +0000 2016,796066551090679808,Tue Nov 08 17:25:09 +0000 2016,796040875335790592,699,274159,20098015,RT @davidschneider: Trump forced to keep his eye on his wife while voting. #ElectionDay https://t.co/drMcRo2pdV,74,96,776288672,amylonsberry
Tue Nov 08 19:10:13 +0000 2016,796067319336288256,Tue Nov 08 17:25:09 +0000 2016,796040875335790592,701,274158,20098015,RT @davidschneider: Trump forced to keep his eye on his wife while voting. #ElectionDay https://t.co/drMcRo2pdV,296,395,275502018,D_wayne83
Tue Nov 08 19:11:27 +0000 2016,796067630096535552,Tue Nov 08 17:25:09 +0000 2016,796040875335790592,703,274158,20098015,RT @davidschneider: Trump forced to keep his eye on his wife while voting. #ElectionDay https://t.co/drMcRo2pdV,122,70,703602228431601664,leyburn4europe
Tue Nov 08 19:12:37 +0000 2016,796067922900877312,Tue Nov 08 17:25:09 +0000 2016,796040875335790592,706,274158,20098015,RT @davidschneider: Trump forced to keep his eye on his wife while voting. #ElectionDay https://t.co/drMcRo2pdV,121,278,57299401,SiobhanTowland
Tue Nov 08 19:13:20 +0000 2016,796068103419559940,Tue Nov 08 17:25:09 +0000 2016,796040875335790592,709,274158,20098015,RT @davidschneider: Trump forced to keep his eye on his wife while voting. #ElectionDay https://t.co/drMcRo2pdV,43,70,741003536,MrDarcey0
Tue Nov 08 19:14:58 +0000 2016,796068513882537985,Tue Nov 08 17:25:09 +0000 2016,796040875335790592,712,274159,20098015,RT @davidschneider: Trump forced to keep his eye on his wife while voting. #ElectionDay https://t.co/drMcRo2pdV,5,21,3438360353,darkxt_
Tue Nov 08 19:14:58 +0000 2016,796068515199365120,Tue Nov 08 17:25:09 +0000 2016,796040875335790592,713,274160,20098015,RT @davidschneider: Trump forced to keep his eye on his wife while voting. #ElectionDay https://t.co/drMcRo2pdV,57,112,2969916416,greaspen
Tue Nov 08 19:17:47 +0000 2016,796069224150159361,Tue Nov 08 17:25:09 +0000 2016,796040875335790592,719,274159,20098015,RT @davidschneider: Trump forced to keep his eye on his wife while voting. #ElectionDay https://t.co/drMcRo2pdV,374,1041,164753964,RandomsByEbbie
Tue Nov 08 19:22:45 +0000 2016,796070472937050114,Tue Nov 08 17:25:09 +0000 2016,796040875335790592,729,274160,20098015,RT @davidschneider: Trump forced to keep his eye on his wife while voting. #ElectionDay https://t.co/drMcRo2pdV,967,1006,2830150038,AP_Doramaqueen
Tue Nov 08 19:23:02 +0000 2016,796070544366010368,Tue Nov 08 17:25:09 +0000 2016,796040875335790592,730,274160,20098015,RT @davidschneider: Trump forced to keep his eye on his wife while voting. #ElectionDay https://t.co/drMcRo2pdV,909,489,31113112,NareserOsei
Tue Nov 08 19:23:45 +0000 2016,796070724377202688,Tue Nov 08 17:25:09 +0000 2016,796040875335790592,732,274160,20098015,RT @davidschneider: Trump forced to keep his eye on his wife while voting. #ElectionDay https://t.co/drMcRo2pdV,437,434,17550605,clothdolldesign
Tue Nov 08 19:25:10 +0000 2016,796071081945812992,Tue Nov 08 17:25:09 +0000 2016,796040875335790592,734,274160,20098015,RT @davidschneider: Trump forced to keep his eye on his wife while voting. #ElectionDay https://t.co/drMcRo2pdV,61,132,2841131920,hodekin1
Tue Nov 08 19:30:01 +0000 2016,796072302047854595,Tue Nov 08 17:25:09 +0000 2016,796040875335790592,741,274159,20098015,RT @davidschneider: Trump forced to keep his eye on his wife while voting. #ElectionDay https://t.co/drMcRo2pdV,11234,9968,402370560,ivanwhite48
Tue Nov 08 19:31:02 +0000 2016,796072558701453312,Tue Nov 08 17:25:09 +0000 2016,796040875335790592,742,274160,20098015,RT @davidschneider: Trump forced to keep his eye on his wife while voting. #ElectionDay https://t.co/drMcRo2pdV,503,296,2750803032,Extreme__Cinema
Tue Nov 08 19:36:15 +0000 2016,796073871183147008,Tue Nov 08 17:25:09 +0000 2016,796040875335790592,752,274159,20098015,RT @davidschneider: Trump forced to keep his eye on his wife while voting. #ElectionDay https://t.co/drMcRo2pdV,312,231,94553028,ThatRoKaDude
Tue Nov 08 19:39:22 +0000 2016,796074654628712448,Tue Nov 08 17:25:09 +0000 2016,796040875335790592,756,274159,20098015,RT @davidschneider: Trump forced to keep his eye on his wife while voting. #ElectionDay https://t.co/drMcRo2pdV,515,562,2757948232,BaesOfDwts
Tue Nov 08 19:42:25 +0000 2016,796075422345633792,Tue Nov 08 17:25:09 +0000 2016,796040875335790592,758,274161,20098015,RT @davidschneider: Trump forced to keep his eye on his wife while voting. #ElectionDay https://t.co/drMcRo2pdV,5,28,1866197846,trevlac54
Tue Nov 08 19:44:21 +0000 2016,796075909132537856,Tue Nov 08 17:25:09 +0000 2016,796040875335790592,762,274161,20098015,RT @davidschneider: Trump forced to keep his eye on his wife while voting. #ElectionDay https://t.co/drMcRo2pdV,1408,1525,1438415064,keithkirkhope
Tue Nov 08 19:45:24 +0000 2016,796076173600165888,Tue Nov 08 17:25:09 +0000 2016,796040875335790592,763,274161,20098015,RT @davidschneider: Trump forced to keep his eye on his wife while voting. #ElectionDay https://t.co/drMcRo2pdV,286,2502,125118129,ZohuraBegum
Tue Nov 08 19:49:14 +0000 2016,796077134972235776,Tue Nov 08 17:25:09 +0000 2016,796040875335790592,768,274164,20098015,RT @davidschneider: Trump forced to keep his eye on his wife while voting. #ElectionDay https://t.co/drMcRo2pdV,34,24,3072460118,Simba_n_Cecil
Tue Nov 08 19:50:12 +0000 2016,796077380880187392,Tue Nov 08 17:25:09 +0000 2016,796040875335790592,769,274163,20098015,RT @davidschneider: Trump forced to keep his eye on his wife while voting. #ElectionDay https://t.co/drMcRo2pdV,503,2151,50443247,sharpteach
Tue Nov 08 19:54:58 +0000 2016,796078580585246721,Tue Nov 08 17:25:09 +0000 2016,796040875335790592,779,274164,20098015,RT @davidschneider: Trump forced to keep his eye on his wife while voting. #ElectionDay https://t.co/drMcRo2pdV,964,840,16570847,GTRoberts
Tue Nov 08 19:55:39 +0000 2016,796078750064668672,Tue Nov 08 17:25:09 +0000 2016,796040875335790592,782,274163,20098015,RT @davidschneider: Trump forced to keep his eye on his wife while voting. #ElectionDay https://t.co/drMcRo2pdV,735,414,274083110,tivitdar
Tue Nov 08 19:56:12 +0000 2016,796078891022553092,Tue Nov 08 17:25:09 +0000 2016,796040875335790592,784,274163,20098015,RT @davidschneider: Trump forced to keep his eye on his wife while voting. #ElectionDay https://t.co/drMcRo2pdV,1321,1315,320919668,RossiQPR
Tue Nov 08 19:57:29 +0000 2016,796079214319587328,Tue Nov 08 17:25:09 +0000 2016,796040875335790592,786,274164,20098015,RT @davidschneider: Trump forced to keep his eye on his wife while voting. #ElectionDay https://t.co/drMcRo2pdV,68,341,78069783,StPats40
Tue Nov 08 20:00:45 +0000 2016,796080036201672704,Tue Nov 08 17:25:09 +0000 2016,796040875335790592,792,274165,20098015,RT @davidschneider: Trump forced to keep his eye on his wife while voting. #ElectionDay https://t.co/drMcRo2pdV,3421,4973,214428368,SanFranMoman
Tue Nov 08 20:00:48 +0000 2016,796080048084226048,Tue Nov 08 17:25:09 +0000 2016,796040875335790592,793,274164,20098015,RT @davidschneider: Trump forced to keep his eye on his wife while voting. #ElectionDay https://t.co/drMcRo2pdV,9,19,3407043724,ramon_llop
Tue Nov 08 20:01:16 +0000 2016,796080165822562304,Tue Nov 08 17:25:09 +0000 2016,796040875335790592,794,274164,20098015,RT @davidschneider: Trump forced to keep his eye on his wife while voting. #ElectionDay https://t.co/drMcRo2pdV,744,733,16286033,TheRealDonBrown
Tue Nov 08 20:02:18 +0000 2016,796080425076740101,Tue Nov 08 17:25:09 +0000 2016,796040875335790592,796,274165,20098015,RT @davidschneider: Trump forced to keep his eye on his wife while voting. #ElectionDay https://t.co/drMcRo2pdV,320,361,3515882301,booksncheese
Tue Nov 08 20:04:54 +0000 2016,796081081644707840,Tue Nov 08 17:25:09 +0000 2016,796040875335790592,800,274165,20098015,RT @davidschneider: Trump forced to keep his eye on his wife while voting. #ElectionDay https://t.co/drMcRo2pdV,28,237,3402876094,riga_toni92
Tue Nov 08 20:05:52 +0000 2016,796081323542740993,Tue Nov 08 17:25:09 +0000 2016,796040875335790592,802,274165,20098015,RT @davidschneider: Trump forced to keep his eye on his wife while voting. #ElectionDay https://t.co/drMcRo2pdV,110,75,751936633059106816,trumpenough
Tue Nov 08 20:07:23 +0000 2016,796081705534849025,Tue Nov 08 17:25:09 +0000 2016,796040875335790592,805,274166,20098015,RT @davidschneider: Trump forced to keep his eye on his wife while voting. #ElectionDay https://t.co/drMcRo2pdV,329,286,170382551,Soul_prince_
Tue Nov 08 20:07:38 +0000 2016,796081768671625217,Tue Nov 08 17:25:09 +0000 2016,796040875335790592,805,274166,20098015,RT @davidschneider: Trump forced to keep his eye on his wife while voting. #ElectionDay https://t.co/drMcRo2pdV,2082,2035,485564002,FantiKid
Tue Nov 08 20:09:46 +0000 2016,796082305882292225,Tue Nov 08 17:25:09 +0000 2016,796040875335790592,807,274166,20098015,RT @davidschneider: Trump forced to keep his eye on his wife while voting. #ElectionDay https://t.co/drMcRo2pdV,26,138,537347048,Circusgame
Tue Nov 08 20:13:25 +0000 2016,796083223847727104,Tue Nov 08 17:25:09 +0000 2016,796040875335790592,810,274167,20098015,RT @davidschneider: Trump forced to keep his eye on his wife while voting. #ElectionDay https://t.co/drMcRo2pdV,153,189,289871964,princethorley
Tue Nov 08 20:14:41 +0000 2016,796083542467969024,Tue Nov 08 17:25:09 +0000 2016,796040875335790592,812,274168,20098015,RT @davidschneider: Trump forced to keep his eye on his wife while voting. #ElectionDay https://t.co/drMcRo2pdV,752,658,2535038418,ai_briandt
Tue Nov 08 20:14:55 +0000 2016,796083601490079744,Tue Nov 08 17:25:09 +0000 2016,796040875335790592,813,274169,20098015,RT @davidschneider: Trump forced to keep his eye on his wife while voting. #ElectionDay https://t.co/drMcRo2pdV,8,67,342881455,ejam_alan
Tue Nov 08 20:15:23 +0000 2016,796083718632960005,Tue Nov 08 17:25:09 +0000 2016,796040875335790592,814,274168,20098015,RT @davidschneider: Trump forced to keep his eye on his wife while voting. #ElectionDay https://t.co/drMcRo2pdV,33,110,52338758,artymesia
Tue Nov 08 20:16:44 +0000 2016,796084059134984196,Tue Nov 08 17:25:09 +0000 2016,796040875335790592,818,274167,20098015,RT @davidschneider: Trump forced to keep his eye on his wife while voting. #ElectionDay https://t.co/drMcRo2pdV,838,1039,34917569,Dreamz31
Tue Nov 08 20:18:33 +0000 2016,796084516506968065,Tue Nov 08 17:25:09 +0000 2016,796040875335790592,819,274166,20098015,RT @davidschneider: Trump forced to keep his eye on his wife while voting. #ElectionDay https://t.co/drMcRo2pdV,358,791,71616402,Lowerthanhannah
Tue Nov 08 20:19:53 +0000 2016,796084850897932288,Tue Nov 08 17:25:09 +0000 2016,796040875335790592,825,274167,20098015,RT @davidschneider: Trump forced to keep his eye on his wife while voting. #ElectionDay https://t.co/drMcRo2pdV,141,315,128425584,navarrovazquez
Tue Nov 08 20:20:56 +0000 2016,796085115625570305,Tue Nov 08 17:25:09 +0000 2016,796040875335790592,826,274167,20098015,RT @davidschneider: Trump forced to keep his eye on his wife while voting. #ElectionDay https://t.co/drMcRo2pdV,283,586,2883844585,madale_madalena
Tue Nov 08 20:23:38 +0000 2016,796085795362836481,Tue Nov 08 17:25:09 +0000 2016,796040875335790592,832,274168,20098015,RT @davidschneider: Trump forced to keep his eye on his wife while voting. #ElectionDay https://t.co/drMcRo2pdV,215,170,3091025377,LmaoXDLevi
Tue Nov 08 20:24:00 +0000 2016,796085887398359040,Tue Nov 08 17:25:09 +0000 2016,796040875335790592,834,274169,20098015,RT @davidschneider: Trump forced to keep his eye on his wife while voting. #ElectionDay https://t.co/drMcRo2pdV,138,106,21149993,bgv123
Tue Nov 08 20:26:46 +0000 2016,796086583225094144,Tue Nov 08 17:25:09 +0000 2016,796040875335790592,838,274168,20098015,RT @davidschneider: Trump forced to keep his eye on his wife while voting. #ElectionDay https://t.co/drMcRo2pdV,2037,240,422552457,NickKehoeTV
Tue Nov 08 20:26:58 +0000 2016,796086633254780928,Tue Nov 08 17:25:09 +0000 2016,796040875335790592,839,274168,20098015,RT @davidschneider: Trump forced to keep his eye on his wife while voting. #ElectionDay https://t.co/drMcRo2pdV,237,1121,3288219951,verconnell
Tue Nov 08 20:27:51 +0000 2016,796086856370843648,Tue Nov 08 17:25:09 +0000 2016,796040875335790592,842,274168,20098015,RT @davidschneider: Trump forced to keep his eye on his wife while voting. #ElectionDay https://t.co/drMcRo2pdV,309,1958,538102043,Moncion2
Tue Nov 08 20:28:52 +0000 2016,796087109106810880,Tue Nov 08 17:25:09 +0000 2016,796040875335790592,843,274170,20098015,RT @davidschneider: Trump forced to keep his eye on his wife while voting. #ElectionDay https://t.co/drMcRo2pdV,829,838,37725551,OutlandoGirl
Tue Nov 08 20:29:14 +0000 2016,796087205341130752,Tue Nov 08 17:25:09 +0000 2016,796040875335790592,844,274170,20098015,RT @davidschneider: Trump forced to keep his eye on his wife while voting. #ElectionDay https://t.co/drMcRo2pdV,142,213,4633651637,KiranSolanki67
Tue Nov 08 20:31:45 +0000 2016,796087838039101441,Tue Nov 08 17:25:09 +0000 2016,796040875335790592,847,274171,20098015,RT @davidschneider: Trump forced to keep his eye on his wife while voting. #ElectionDay https://t.co/drMcRo2pdV,749,1218,475244155,ConcertoMates
Tue Nov 08 20:33:13 +0000 2016,796088204692688896,Tue Nov 08 17:25:09 +0000 2016,796040875335790592,847,274170,20098015,RT @davidschneider: Trump forced to keep his eye on his wife while voting. #ElectionDay https://t.co/drMcRo2pdV,103,242,236629733,delta2768
Tue Nov 08 20:36:27 +0000 2016,796089019998339072,Tue Nov 08 17:25:09 +0000 2016,796040875335790592,849,274171,20098015,RT @davidschneider: Trump forced to keep his eye on his wife while voting. #ElectionDay https://t.co/drMcRo2pdV,20932,21006,1362983546,EnamHaque3
Tue Nov 08 20:36:56 +0000 2016,796089139649249281,Tue Nov 08 17:25:09 +0000 2016,796040875335790592,850,274171,20098015,RT @davidschneider: Trump forced to keep his eye on his wife while voting. #ElectionDay https://t.co/drMcRo2pdV,164,920,2548884667,viccrosee15
Tue Nov 08 20:40:04 +0000 2016,796089929914793984,Tue Nov 08 17:25:09 +0000 2016,796040875335790592,855,274171,20098015,RT @davidschneider: Trump forced to keep his eye on his wife while voting. #ElectionDay https://t.co/drMcRo2pdV,983,1086,1014076969,eradus2911
Tue Nov 08 20:43:23 +0000 2016,796090762727452673,Tue Nov 08 17:25:09 +0000 2016,796040875335790592,861,274171,20098015,RT @davidschneider: Trump forced to keep his eye on his wife while voting. #ElectionDay https://t.co/drMcRo2pdV,104,212,1317516546,bouncybumblebee
Tue Nov 08 20:43:51 +0000 2016,796090882839678976,Tue Nov 08 17:25:09 +0000 2016,796040875335790592,864,274171,20098015,RT @davidschneider: Trump forced to keep his eye on his wife while voting. #ElectionDay https://t.co/drMcRo2pdV,231,156,827929369,joao_diogo
Tue Nov 08 20:44:58 +0000 2016,796091163564310528,Tue Nov 08 17:25:09 +0000 2016,796040875335790592,868,274173,20098015,RT @davidschneider: Trump forced to keep his eye on his wife while voting. #ElectionDay https://t.co/drMcRo2pdV,1178,2084,35182674,1GenuineArticle
Tue Nov 08 20:50:51 +0000 2016,796092644069736448,Tue Nov 08 17:25:09 +0000 2016,796040875335790592,875,274179,20098015,RT @davidschneider: Trump forced to keep his eye on his wife while voting. #ElectionDay https://t.co/drMcRo2pdV,33967,11951,25728193,DrJenGunter
Tue Nov 08 20:54:50 +0000 2016,796093647745712128,Tue Nov 08 17:25:09 +0000 2016,796040875335790592,878,274178,20098015,RT @davidschneider: Trump forced to keep his eye on his wife while voting. #ElectionDay https://t.co/drMcRo2pdV,83,167,858613184,SocorroCarranz1
Tue Nov 08 20:55:44 +0000 2016,796093873613316101,Tue Nov 08 17:25:09 +0000 2016,796040875335790592,879,274177,20098015,RT @davidschneider: Trump forced to keep his eye on his wife while voting. #ElectionDay https://t.co/drMcRo2pdV,5,29,472157981,BobbieBuchanan1
Tue Nov 08 20:57:01 +0000 2016,796094195157110784,Tue Nov 08 17:25:09 +0000 2016,796040875335790592,880,274177,20098015,RT @davidschneider: Trump forced to keep his eye on his wife while voting. #ElectionDay https://t.co/drMcRo2pdV,225,607,166163504,callumb1500
Tue Nov 08 20:58:30 +0000 2016,796094570228379648,Tue Nov 08 17:25:09 +0000 2016,796040875335790592,883,274178,20098015,RT @davidschneider: Trump forced to keep his eye on his wife while voting. #ElectionDay https://t.co/drMcRo2pdV,484,75,21318361,SoniaLoXO
Tue Nov 08 21:00:51 +0000 2016,796095157888229377,Tue Nov 08 17:25:09 +0000 2016,796040875335790592,890,274178,20098015,RT @davidschneider: Trump forced to keep his eye on his wife while voting. #ElectionDay https://t.co/drMcRo2pdV,414,959,510762678,alexina14
Tue Nov 08 21:04:01 +0000 2016,796095957905575936,Tue Nov 08 17:25:09 +0000 2016,796040875335790592,895,274178,20098015,RT @davidschneider: Trump forced to keep his eye on his wife while voting. #ElectionDay https://t.co/drMcRo2pdV,795,389,2902732564,PedroAKABitch
Tue Nov 08 21:04:13 +0000 2016,796096007889162240,Tue Nov 08 17:25:09 +0000 2016,796040875335790592,896,274178,20098015,RT @davidschneider: Trump forced to keep his eye on his wife while voting. #ElectionDay https://t.co/drMcRo2pdV,87,127,54008049,zstadler
Tue Nov 08 21:06:37 +0000 2016,796096609746649088,Tue Nov 08 17:25:09 +0000 2016,796040875335790592,900,274178,20098015,RT @davidschneider: Trump forced to keep his eye on his wife while voting. #ElectionDay https://t.co/drMcRo2pdV,430,571,739278670624231424,MeJoe16
Tue Nov 08 21:07:34 +0000 2016,796096851644706817,Tue Nov 08 17:25:09 +0000 2016,796040875335790592,903,274179,20098015,RT @davidschneider: Trump forced to keep his eye on his wife while voting. #ElectionDay https://t.co/drMcRo2pdV,160,320,2758027769,LewisJames_2000
Tue Nov 08 21:10:57 +0000 2016,796097702287278080,Tue Nov 08 17:25:09 +0000 2016,796040875335790592,906,274180,20098015,RT @davidschneider: Trump forced to keep his eye on his wife while voting. #ElectionDay https://t.co/drMcRo2pdV,45,38,58805862,LibbyCone
Tue Nov 08 21:11:07 +0000 2016,796097744117043201,Tue Nov 08 17:25:09 +0000 2016,796040875335790592,907,274180,20098015,RT @davidschneider: Trump forced to keep his eye on his wife while voting. #ElectionDay https://t.co/drMcRo2pdV,265,163,42595798,weewelly
Tue Nov 08 21:12:41 +0000 2016,796098138511736834,Tue Nov 08 17:25:09 +0000 2016,796040875335790592,911,274182,20098015,RT @davidschneider: Trump forced to keep his eye on his wife while voting. #ElectionDay https://t.co/drMcRo2pdV,42,111,1625487752,MLVicencio
Tue Nov 08 21:13:45 +0000 2016,796098406720618496,Tue Nov 08 17:25:09 +0000 2016,796040875335790592,912,274183,20098015,RT @davidschneider: Trump forced to keep his eye on his wife while voting. #ElectionDay https://t.co/drMcRo2pdV,28,152,128083925,Loras_Tweets
Tue Nov 08 21:24:13 +0000 2016,796101038570868736,Tue Nov 08 17:25:09 +0000 2016,796040875335790592,920,274186,20098015,RT @davidschneider: Trump forced to keep his eye on his wife while voting. #ElectionDay https://t.co/drMcRo2pdV,23,67,74598676,YvonneMcA
Tue Nov 08 21:25:08 +0000 2016,796101272537595904,Tue Nov 08 17:25:09 +0000 2016,796040875335790592,922,274186,20098015,RT @davidschneider: Trump forced to keep his eye on his wife while voting. #ElectionDay https://t.co/drMcRo2pdV,4202,381,15396766,brianed4
Tue Nov 08 21:26:40 +0000 2016,796101657402769408,Tue Nov 08 17:25:09 +0000 2016,796040875335790592,925,274187,20098015,RT @davidschneider: Trump forced to keep his eye on his wife while voting. #ElectionDay https://t.co/drMcRo2pdV,454,1765,4182276497,BTCtradePt
Tue Nov 08 21:28:36 +0000 2016,796102145036599296,Tue Nov 08 17:25:09 +0000 2016,796040875335790592,929,274189,20098015,RT @davidschneider: Trump forced to keep his eye on his wife while voting. #ElectionDay https://t.co/drMcRo2pdV,66,334,29309999,_S_Darling
Tue Nov 08 21:28:38 +0000 2016,796102152670179328,Tue Nov 08 17:25:09 +0000 2016,796040875335790592,930,274189,20098015,RT @davidschneider: Trump forced to keep his eye on his wife while voting. #ElectionDay https://t.co/drMcRo2pdV,107732,347,500436115,jasoncollins98
Tue Nov 08 21:30:27 +0000 2016,796102610579288064,Tue Nov 08 17:25:09 +0000 2016,796040875335790592,937,274190,20098015,RT @davidschneider: Trump forced to keep his eye on his wife while voting. #ElectionDay https://t.co/drMcRo2pdV,256,1105,720865125,loiswalters1970
Tue Nov 08 21:32:03 +0000 2016,796103012599140352,Tue Nov 08 17:25:09 +0000 2016,796040875335790592,941,274192,20098015,RT @davidschneider: Trump forced to keep his eye on his wife while voting. #ElectionDay https://t.co/drMcRo2pdV,30,167,389824365,MariPomponi
Tue Nov 08 21:34:03 +0000 2016,796103515299049472,Tue Nov 08 17:25:09 +0000 2016,796040875335790592,946,274192,20098015,RT @davidschneider: Trump forced to keep his eye on his wife while voting. #ElectionDay https://t.co/drMcRo2pdV,718,803,771431010,Martin_wanted
Tue Nov 08 21:36:35 +0000 2016,796104154263363585,Tue Nov 08 17:25:09 +0000 2016,796040875335790592,949,274195,20098015,RT @davidschneider: Trump forced to keep his eye on his wife while voting. #ElectionDay https://t.co/drMcRo2pdV,83,303,479669782,McKennaBurden
Tue Nov 08 21:37:08 +0000 2016,796104292008652801,Tue Nov 08 17:25:09 +0000 2016,796040875335790592,951,274195,20098015,RT @davidschneider: Trump forced to keep his eye on his wife while voting. #ElectionDay https://t.co/drMcRo2pdV,29,125,3975183672,camellopolus
Tue Nov 08 21:44:12 +0000 2016,796106069185544202,Tue Nov 08 17:25:09 +0000 2016,796040875335790592,964,274198,20098015,RT @davidschneider: Trump forced to keep his eye on his wife while voting. #ElectionDay https://t.co/drMcRo2pdV,702,1471,156540927,Liverpotlian
Tue Nov 08 21:46:08 +0000 2016,796106557675048960,Tue Nov 08 17:25:09 +0000 2016,796040875335790592,967,274202,20098015,RT @davidschneider: Trump forced to keep his eye on his wife while voting. #ElectionDay https://t.co/drMcRo2pdV,89,459,107131589,Qizzle75
Tue Nov 08 21:46:30 +0000 2016,796106649714954240,Tue Nov 08 17:25:09 +0000 2016,796040875335790592,968,274201,20098015,RT @davidschneider: Trump forced to keep his eye on his wife while voting. #ElectionDay https://t.co/drMcRo2pdV,242,2105,1638168020,AndiStarwatch
Tue Nov 08 21:47:44 +0000 2016,796106959074324480,Tue Nov 08 17:25:09 +0000 2016,796040875335790592,971,274201,20098015,RT @davidschneider: Trump forced to keep his eye on his wife while voting. #ElectionDay https://t.co/drMcRo2pdV,15,61,66699993,lunaticprophet
Tue Nov 08 21:49:59 +0000 2016,796107526106386432,Tue Nov 08 17:25:09 +0000 2016,796040875335790592,975,274201,20098015,RT @davidschneider: Trump forced to keep his eye on his wife while voting. #ElectionDay https://t.co/drMcRo2pdV,83,908,2607794965,rynosrynosrynos
Tue Nov 08 21:50:05 +0000 2016,796107550383083520,Tue Nov 08 17:25:09 +0000 2016,796040875335790592,976,274201,20098015,RT @davidschneider: Trump forced to keep his eye on his wife while voting. #ElectionDay https://t.co/drMcRo2pdV,137,316,39991703,Dhartogs
Tue Nov 08 21:52:24 +0000 2016,796108131650732032,Tue Nov 08 17:25:09 +0000 2016,796040875335790592,982,274201,20098015,RT @davidschneider: Trump forced to keep his eye on his wife while voting. #ElectionDay https://t.co/drMcRo2pdV,319,1072,24191475,spicysnacks
Tue Nov 08 21:55:11 +0000 2016,796108833638727680,Tue Nov 08 17:25:09 +0000 2016,796040875335790592,989,274202,20098015,RT @davidschneider: Trump forced to keep his eye on his wife while voting. #ElectionDay https://t.co/drMcRo2pdV,4,29,792127520091017216,katkin20
Tue Nov 08 21:57:48 +0000 2016,796109492685590532,Tue Nov 08 17:25:09 +0000 2016,796040875335790592,994,274202,20098015,RT @davidschneider: Trump forced to keep his eye on his wife while voting. #ElectionDay https://t.co/drMcRo2pdV,143,181,1957142660,pinkyangry
Tue Nov 08 22:00:58 +0000 2016,796110289817206784,Tue Nov 08 17:25:09 +0000 2016,796040875335790592,1000,274202,20098015,RT @davidschneider: Trump forced to keep his eye on his wife while voting. #ElectionDay https://t.co/drMcRo2pdV,105,282,34000932,thunderwheels
Tue Nov 08 22:01:03 +0000 2016,796110311413706752,Tue Nov 08 17:25:09 +0000 2016,796040875335790592,1001,274202,20098015,RT @davidschneider: Trump forced to keep his eye on his wife while voting. #ElectionDay https://t.co/drMcRo2pdV,90,84,2190914438,jlmalagachocano
Tue Nov 08 22:01:46 +0000 2016,796110487947739137,Tue Nov 08 17:25:09 +0000 2016,796040875335790592,1005,274203,20098015,RT @davidschneider: Trump forced to keep his eye on his wife while voting. #ElectionDay https://t.co/drMcRo2pdV,1090,832,2203249433,lucyjbriers
Tue Nov 08 22:04:07 +0000 2016,796111082221748224,Tue Nov 08 17:25:09 +0000 2016,796040875335790592,1010,274205,20098015,RT @davidschneider: Trump forced to keep his eye on his wife while voting. #ElectionDay https://t.co/drMcRo2pdV,198,181,2447214127,ellaaquino12
Tue Nov 08 22:05:48 +0000 2016,796111505909485573,Tue Nov 08 17:25:09 +0000 2016,796040875335790592,1011,274205,20098015,RT @davidschneider: Trump forced to keep his eye on his wife while voting. #ElectionDay https://t.co/drMcRo2pdV,37,183,284192641,jbeltorod
Tue Nov 08 22:09:29 +0000 2016,796112430191484933,Tue Nov 08 17:25:09 +0000 2016,796040875335790592,1018,274206,20098015,RT @davidschneider: Trump forced to keep his eye on his wife while voting. #ElectionDay https://t.co/drMcRo2pdV,41,110,723593884274700289,tarajpatil
Tue Nov 08 22:11:31 +0000 2016,796112945339985920,Tue Nov 08 17:25:09 +0000 2016,796040875335790592,1020,274207,20098015,RT @davidschneider: Trump forced to keep his eye on his wife while voting. #ElectionDay https://t.co/drMcRo2pdV,4808,2638,32517668,NancySThompson
Tue Nov 08 22:14:22 +0000 2016,796113660670255104,Tue Nov 08 17:25:09 +0000 2016,796040875335790592,1022,274207,20098015,RT @davidschneider: Trump forced to keep his eye on his wife while voting. #ElectionDay https://t.co/drMcRo2pdV,95,408,168153112,ecorrea85
Tue Nov 08 22:17:53 +0000 2016,796114546649952258,Tue Nov 08 17:25:09 +0000 2016,796040875335790592,1028,274210,20098015,RT @davidschneider: Trump forced to keep his eye on his wife while voting. #ElectionDay https://t.co/drMcRo2pdV,1223,850,80036774,djfmdotcom
Tue Nov 08 22:18:18 +0000 2016,796114651293552640,Tue Nov 08 17:25:09 +0000 2016,796040875335790592,1029,274210,20098015,RT @davidschneider: Trump forced to keep his eye on his wife while voting. #ElectionDay https://t.co/drMcRo2pdV,321,97,26475381,PaulMacca1976
Tue Nov 08 22:21:09 +0000 2016,796115368251191296,Tue Nov 08 17:25:09 +0000 2016,796040875335790592,1031,274211,20098015,RT @davidschneider: Trump forced to keep his eye on his wife while voting. #ElectionDay https://t.co/drMcRo2pdV,121,11,1637620122,rallynovagorica
Tue Nov 08 22:21:43 +0000 2016,796115511159521280,Tue Nov 08 17:25:09 +0000 2016,796040875335790592,1033,274211,20098015,RT @davidschneider: Trump forced to keep his eye on his wife while voting. #ElectionDay https://t.co/drMcRo2pdV,195,267,400698501,SuperJackTweet
Tue Nov 08 22:24:40 +0000 2016,796116253735874560,Tue Nov 08 17:25:09 +0000 2016,796040875335790592,1036,274213,20098015,RT @davidschneider: Trump forced to keep his eye on his wife while voting. #ElectionDay https://t.co/drMcRo2pdV,136,491,499243248,Honeybee0104
Tue Nov 08 22:25:57 +0000 2016,796116577305366528,Tue Nov 08 17:25:09 +0000 2016,796040875335790592,1037,274213,20098015,RT @davidschneider: Trump forced to keep his eye on his wife while voting. #ElectionDay https://t.co/drMcRo2pdV,114,502,62171912,manuelunet
Tue Nov 08 22:27:09 +0000 2016,796116879605698560,Tue Nov 08 17:25:09 +0000 2016,796040875335790592,1040,274213,20098015,RT @davidschneider: Trump forced to keep his eye on his wife while voting. #ElectionDay https://t.co/drMcRo2pdV,23,115,390051930,BettsHelen
Tue Nov 08 22:28:38 +0000 2016,796117252659552256,Tue Nov 08 17:25:09 +0000 2016,796040875335790592,1043,274214,20098015,RT @davidschneider: Trump forced to keep his eye on his wife while voting. #ElectionDay https://t.co/drMcRo2pdV,1053,3118,50323370,JCuevasC
Tue Nov 08 22:35:57 +0000 2016,796119094109949952,Tue Nov 08 17:25:09 +0000 2016,796040875335790592,1047,274214,20098015,RT @davidschneider: Trump forced to keep his eye on his wife while voting. #ElectionDay https://t.co/drMcRo2pdV,62,131,3132550385,ItsfknJose
Tue Nov 08 22:39:14 +0000 2016,796119919662202880,Tue Nov 08 17:25:09 +0000 2016,796040875335790592,1051,274212,20098015,RT @davidschneider: Trump forced to keep his eye on his wife while voting. #ElectionDay https://t.co/drMcRo2pdV,712,240,45253942,KaJo503
Tue Nov 08 22:41:17 +0000 2016,796120435410735104,Tue Nov 08 17:25:09 +0000 2016,796040875335790592,1054,274212,20098015,RT @davidschneider: Trump forced to keep his eye on his wife while voting. #ElectionDay https://t.co/drMcRo2pdV,197,80,384436199,CPKN_Sandy
Tue Nov 08 22:43:42 +0000 2016,796121044583063552,Tue Nov 08 17:25:09 +0000 2016,796040875335790592,1056,274212,20098015,RT @davidschneider: Trump forced to keep his eye on his wife while voting. #ElectionDay https://t.co/drMcRo2pdV,408,1395,2666926486,SIMPLYTERRY_
Tue Nov 08 22:46:58 +0000 2016,796121866113024000,Tue Nov 08 17:25:09 +0000 2016,796040875335790592,1059,274212,20098015,RT @davidschneider: Trump forced to keep his eye on his wife while voting. #ElectionDay https://t.co/drMcRo2pdV,302,196,24302571,bhec39
Tue Nov 08 22:58:33 +0000 2016,796124781934309377,Tue Nov 08 17:25:09 +0000 2016,796040875335790592,1066,274213,20098015,RT @davidschneider: Trump forced to keep his eye on his wife while voting. #ElectionDay https://t.co/drMcRo2pdV,545,1460,63864849,TwetKat
Tue Nov 08 22:58:52 +0000 2016,796124861089349632,Tue Nov 08 17:25:09 +0000 2016,796040875335790592,1067,274214,20098015,RT @davidschneider: Trump forced to keep his eye on his wife while voting. #ElectionDay https://t.co/drMcRo2pdV,564,478,166922190,ososoba
Tue Nov 08 22:59:44 +0000 2016,796125076320124933,Tue Nov 08 17:25:09 +0000 2016,796040875335790592,1068,274214,20098015,RT @davidschneider: Trump forced to keep his eye on his wife while voting. #ElectionDay https://t.co/drMcRo2pdV,2734,649,114073708,Nesoi___
Tue Nov 08 23:02:59 +0000 2016,796125896214081536,Tue Nov 08 17:25:09 +0000 2016,796040875335790592,1069,274215,20098015,RT @davidschneider: Trump forced to keep his eye on his wife while voting. #ElectionDay https://t.co/drMcRo2pdV,67,281,106669138,danoissac
Tue Nov 08 23:03:08 +0000 2016,796125934495666182,Tue Nov 08 17:25:09 +0000 2016,796040875335790592,1070,274215,20098015,RT @davidschneider: Trump forced to keep his eye on his wife while voting. #ElectionDay https://t.co/drMcRo2pdV,109,122,355730312,ialexthomson
Tue Nov 08 23:04:17 +0000 2016,796126224926044161,Tue Nov 08 17:25:09 +0000 2016,796040875335790592,1074,274215,20098015,RT @davidschneider: Trump forced to keep his eye on his wife while voting. #ElectionDay https://t.co/drMcRo2pdV,987,3119,89219352,CardozoAth
Tue Nov 08 23:15:30 +0000 2016,796129047625416704,Tue Nov 08 17:25:09 +0000 2016,796040875335790592,1080,274220,20098015,RT @davidschneider: Trump forced to keep his eye on his wife while voting. #ElectionDay https://t.co/drMcRo2pdV,823,2063,338436938,marty_hogg
Tue Nov 08 23:18:23 +0000 2016,796129772183126017,Tue Nov 08 17:25:09 +0000 2016,796040875335790592,1083,274222,20098015,RT @davidschneider: Trump forced to keep his eye on his wife while voting. #ElectionDay https://t.co/drMcRo2pdV,96,98,61949954,Rachelpiggott
Tue Nov 08 23:23:55 +0000 2016,796131164432072708,Tue Nov 08 17:25:09 +0000 2016,796040875335790592,1089,274224,20098015,RT @davidschneider: Trump forced to keep his eye on his wife while voting. #ElectionDay https://t.co/drMcRo2pdV,77,300,108179375,Geo_F1
Tue Nov 08 23:24:40 +0000 2016,796131350696906752,Tue Nov 08 17:25:09 +0000 2016,796040875335790592,1090,274224,20098015,RT @davidschneider: Trump forced to keep his eye on his wife while voting. #ElectionDay https://t.co/drMcRo2pdV,38,184,2749777086,Zgsquare
